customer_id,age,gender,city,occupation,account_type,customer_since
CUST00001,56,Female,Patna,Retired,Savings,2025-03-12
CUST00002,69,Male,Bangalore,Retired,Salary,2025-08-09
CUST00003,46,Male,Bangalore,Business,Savings,2023-10-20
CUST00004,32,Male,Bangalore,Business,Savings,2023-11-11
CUST00005,60,Female,Bangalore,Salaried,Savings,2022-11-09
CUST00006,25,Female,Delhi,Freelancer,Current,2021-10-12
CUST00007,38,Female,Bangalore,Retired,Salary,2024-11-22
CUST00008,56,Male,Kolkata,Self-Employed,Current,2020-11-11
CUST00009,36,Male,Ahmedabad,Self-Employed,Salary,2020-04-23
CUST00010,40,Male,Ranchi,Salaried,Savings,2022-09-15
CUST00011,28,Male,Ranchi,Self-Employed,Current,2025-11-28
CUST00012,28,Male,Bangalore,Retired,Savings,2022-11-29
CUST00013,41,Male,Patna,Salaried,Savings,2021-08-25
CUST00014,70,Male,Pune,Salaried,Salary,2022-01-11
CUST00015,53,Female,Hyderabad,Salaried,Savings,2025-05-07
CUST00016,57,Male,Ahmedabad,Self-Employed,Savings,2022-05-10
CUST00017,41,Male,Mumbai,Business,Savings,2024-07-06
CUST00018,20,Female,Mumbai,Salaried,Savings,2021-06-17
CUST00019,39,Female,Bangalore,Salaried,Current,2025-02-08
CUST00020,70,Male,Bangalore,Student,Salary,2022-04-24
CUST00021,19,Female,Ranchi,Freelancer,Salary,2022-01-08
CUST00022,41,Female,Delhi,Salaried,Savings,2020-09-01
CUST00023,61,Male,Delhi,Salaried,Savings,2021-12-22
CUST00024,47,Male,Hyderabad,Business,Savings,2021-12-19
CUST00025,55,Female,Delhi,Student,Salary,2021-08-26
CUST00026,19,Male,Bangalore,Self-Employed,Current,2025-05-28
CUST00027,38,Male,Mumbai,Student,Savings,2021-02-27
CUST00028,50,Male,Ranchi,Business,Current,2021-03-11
CUST00029,29,Female,Kolkata,Business,Savings,2020-11-03
CUST00030,39,Female,Mumbai,Self-Employed,Savings,2025-03-18
CUST00031,61,Female,Hyderabad,Salaried,Current,2024-02-28
CUST00032,42,Female,Bangalore,Business,Savings,2025-06-30
CUST00033,66,Male,Ranchi,Business,Savings,2024-10-10
CUST00034,44,Female,Delhi,Salaried,Savings,2021-05-09
CUST00035,59,Male,Mumbai,Salaried,Savings,2025-07-07
CUST00036,45,Female,Mumbai,Salaried,Savings,2021-03-12
CUST00037,33,Female,Kolkata,Salaried,Salary,2024-09-28
CUST00038,32,Female,Pune,Retired,Savings,2021-11-04
CUST00039,64,Female,Hyderabad,Freelancer,Savings,2020-08-22
CUST00040,68,Female,Kolkata,Salaried,Salary,2023-04-21
CUST00041,61,Female,Mumbai,Salaried,Savings,2021-10-07
CUST00042,69,Male,Bangalore,Salaried,Salary,2026-02-02
CUST00043,20,Male,Pune,Salaried,Salary,2024-03-03
CUST00044,54,Male,Bangalore,Salaried,Current,2021-04-12
CUST00045,68,Male,Mumbai,Self-Employed,Salary,2023-03-29
CUST00046,24,Male,Hyderabad,Salaried,Savings,2023-01-03
CUST00047,38,Male,Mumbai,Business,Savings,2026-03-12
CUST00048,26,Male,Hyderabad,Retired,Salary,2024-07-13
CUST00049,56,Female,Hyderabad,Business,Savings,2026-06-21
CUST00050,35,Male,Delhi,Self-Employed,Salary,2026-03-16
CUST00051,21,Male,Hyderabad,Freelancer,Current,2022-08-11
CUST00052,42,Male,Mumbai,Salaried,Savings,2020-05-12
CUST00053,31,Male,Bangalore,Other / Unspecified,Savings,2024-03-15
CUST00054,67,Female,Delhi,Student,Savings,2021-12-20
CUST00055,26,Female,Kolkata,Salaried,Current,2021-02-28
CUST00056,43,Female,Hyderabad,Salaried,Salary,2024-10-06
CUST00057,70,Male,Pune,Salaried,Savings,2026-06-27
CUST00058,19,Female,Mumbai,Salaried,Salary,2020-02-02
CUST00059,37,Male,Ahmedabad,Salaried,Salary,2022-04-29
CUST00060,45,Male,Delhi,Business,Salary,2022-01-03
CUST00061,64,Other,Ranchi,Salaried,Savings,2022-02-05
CUST00062,24,Female,Ahmedabad,Salaried,Current,2020-05-01
CUST00063,61,Female,Bangalore,Self-Employed,Savings,2022-01-08
CUST00064,25,Female,Pune,Self-Employed,Current,2024-08-19
CUST00065,64,Female,Bangalore,Salaried,Savings,2026-05-18
CUST00066,52,Female,Mumbai,Salaried,Savings,2026-03-01
CUST00067,31,Male,Bangalore,Salaried,Salary,2020-02-26
CUST00068,34,Male,Pune,Self-Employed,Savings,2021-01-26
CUST00069,53,Male,Hyderabad,Self-Employed,Salary,2022-12-26
CUST00070,67,Male,Kolkata,Business,Savings,2022-01-25
CUST00071,57,Male,Mumbai,Salaried,Salary,2024-06-16
CUST00072,21,Female,Ranchi,Retired,Savings,2023-01-05
CUST00073,19,Female,Mumbai,Other / Unspecified,Savings,2025-07-22
CUST00074,23,Male,Bangalore,Business,Savings,2020-11-13
CUST00075,71,Female,Delhi,Other / Unspecified,Savings,2020-09-05
CUST00076,59,Male,Mumbai,Business,Savings,2024-09-25
CUST00077,21,Female,Chennai,Salaried,Salary,2026-02-15
CUST00078,71,Male,Delhi,Business,Salary,2020-04-13
CUST00079,46,Male,Delhi,Self-Employed,Savings,2020-10-19
CUST00080,35,Male,Patna,Salaried,Salary,2025-01-19
CUST00081,43,Female,Hyderabad,Business,Savings,2025-03-17
CUST00082,61,Male,Hyderabad,Self-Employed,Savings,2020-03-20
CUST00083,51,Female,Pune,Salaried,Savings,2022-06-03
CUST00084,27,Female,Mumbai,Retired,Savings,2020-11-25
CUST00085,53,Male,Ranchi,Business,Savings,2024-06-26
CUST00086,31,Male,Mumbai,Self-Employed,Savings,2022-03-05
CUST00087,48,Other,Bangalore,Salaried,Current,2024-12-30
CUST00088,65,Male,Delhi,Salaried,Savings,2020-06-10
CUST00089,32,Male,Chennai,Salaried,Savings,2023-11-03
CUST00090,25,Male,Hyderabad,Freelancer,Savings,2020-02-14
CUST00091,31,Male,Bangalore,Salaried,Savings,2020-05-14
CUST00092,40,Female,Hyderabad,Business,Savings,2023-04-07
CUST00093,57,Female,Patna,Salaried,Savings,2022-03-23
CUST00094,38,Male,Pune,Salaried,Savings,2022-05-04
CUST00095,33,Male,Hyderabad,Student,Savings,2022-01-26
CUST00096,62,Male,Chennai,Salaried,Savings,2024-08-19
CUST00097,35,Other,Kolkata,Freelancer,Current,2025-02-22
CUST00098,64,Male,Patna,Business,Savings,2022-01-21
CUST00099,70,Female,Hyderabad,Self-Employed,Savings,2022-11-05
CUST00100,41,Female,Mumbai,Self-Employed,Savings,2023-02-19
CUST00101,43,Male,Kolkata,Salaried,Savings,2024-03-23
CUST00102,42,Female,Bangalore,Self-Employed,Savings,2026-06-23
CUST00103,62,Female,Ranchi,Salaried,Savings,2022-07-05
CUST00104,58,Male,Chennai,Other / Unspecified,Savings,2021-04-08
CUST00105,46,Male,Kolkata,Salaried,Current,2024-12-09
CUST00106,32,Female,Bangalore,Student,Savings,2021-10-16
CUST00107,62,Male,Patna,Salaried,Savings,2026-04-25
CUST00108,18,Male,Mumbai,Salaried,Savings,2023-02-15
CUST00109,42,Male,Ranchi,Self-Employed,Salary,2024-12-21
CUST00110,24,Female,Bangalore,Self-Employed,Current,2024-11-09
CUST00111,26,Female,Kolkata,Student,Savings,2022-09-16
CUST00112,41,Male,Mumbai,Salaried,Savings,2026-03-24
CUST00113,18,Male,Bangalore,Salaried,Savings,2020-01-22
CUST00114,61,Male,Mumbai,Salaried,Savings,2026-01-20
CUST00115,25,Female,Pune,Salaried,Salary,2022-06-29
CUST00116,41,Female,Mumbai,Salaried,Current,2026-04-24
CUST00117,28,Male,Delhi,Salaried,Salary,2020-05-13
CUST00118,68,Female,Delhi,Salaried,Salary,2024-06-16
CUST00119,34,Female,Mumbai,Self-Employed,Salary,2023-08-24
CUST00120,25,Male,Mumbai,Salaried,Salary,2022-12-01
CUST00121,52,Female,Patna,Salaried,Savings,2020-09-06
CUST00122,52,Male,Patna,Self-Employed,Salary,2021-10-02
CUST00123,50,Female,Delhi,Retired,Savings,2023-12-03
CUST00124,22,Male,Ranchi,Retired,Current,2026-03-02
CUST00125,59,Male,Bangalore,Retired,Savings,2023-08-24
CUST00126,56,Male,Bangalore,Student,Salary,2021-03-21
CUST00127,58,Male,Delhi,Self-Employed,Current,2022-06-15
CUST00128,45,Female,Mumbai,Business,Savings,2022-07-10
CUST00129,24,Female,Mumbai,Salaried,Salary,2021-06-05
CUST00130,26,Female,Patna,Student,Savings,2025-03-07
CUST00131,25,Male,Kolkata,Salaried,Savings,2021-10-09
CUST00132,29,Male,Delhi,Salaried,Savings,2025-07-13
CUST00133,51,Female,Delhi,Business,Savings,2022-01-08
CUST00134,50,Female,Ranchi,Business,Salary,2026-01-24
CUST00135,65,Male,Bangalore,Salaried,Savings,2020-12-22
CUST00136,40,Male,Mumbai,Salaried,Salary,2021-10-17
CUST00137,41,Male,Mumbai,Salaried,Savings,2026-06-03
CUST00138,54,Female,Patna,Business,Salary,2021-04-27
CUST00139,52,Female,Mumbai,Business,Savings,2024-05-06
CUST00140,61,Male,Kolkata,Student,Savings,2022-06-29
CUST00141,57,Male,Patna,Retired,Salary,2023-11-26
CUST00142,39,Male,Ranchi,Self-Employed,Savings,2020-07-14
CUST00143,44,Male,Mumbai,Self-Employed,Savings,2023-05-07
CUST00144,52,Female,Delhi,Self-Employed,Salary,2026-04-25
CUST00145,18,Male,Bangalore,Self-Employed,Salary,2024-10-24
CUST00146,52,Male,Bangalore,Salaried,Current,2020-08-31
CUST00147,54,Male,Hyderabad,Salaried,Savings,2021-05-28
CUST00148,64,Female,Kolkata,Business,Savings,2024-10-29
CUST00149,31,Male,Bangalore,Retired,Savings,2024-09-15
CUST00150,20,Male,Mumbai,Salaried,Savings,2025-01-27
CUST00151,18,Other,Hyderabad,Salaried,Savings,2024-06-06
CUST00152,22,Female,Kolkata,Business,Salary,2023-09-18
CUST00153,43,Male,Kolkata,Freelancer,Salary,2021-12-04
CUST00154,31,Male,Bangalore,Salaried,Savings,2025-02-01
CUST00155,56,Male,Ahmedabad,Salaried,Savings,2021-11-11
CUST00156,44,Male,Hyderabad,Self-Employed,Savings,2026-03-14
CUST00157,26,Male,Mumbai,Salaried,Salary,2023-05-29
CUST00158,32,Female,Patna,Salaried,Savings,2023-12-28
CUST00159,32,Male,Hyderabad,Self-Employed,Savings,2022-04-21
CUST00160,43,Male,Pune,Salaried,Savings,2025-06-26
CUST00161,59,Male,Mumbai,Business,Salary,2022-12-20
CUST00162,30,Female,Mumbai,Business,Savings,2024-03-10
CUST00163,68,Male,Kolkata,Student,Savings,2020-04-05
CUST00164,49,Female,Kolkata,Self-Employed,Savings,2025-01-28
CUST00165,56,Female,Mumbai,Salaried,Current,2020-01-03
CUST00166,66,Male,Delhi,Self-Employed,Savings,2025-09-02
CUST00167,69,Male,Delhi,Salaried,Savings,2026-02-14
CUST00168,49,Female,Pune,Salaried,Savings,2024-11-16
CUST00169,21,Male,Bangalore,Salaried,Salary,2023-05-19
CUST00170,47,Male,Pune,Self-Employed,Savings,2020-01-12
CUST00171,54,Female,Mumbai,Salaried,Savings,2024-09-10
CUST00172,40,Female,Kolkata,Self-Employed,Salary,2025-07-21
CUST00173,56,Male,Kolkata,Freelancer,Savings,2024-01-28
CUST00174,62,Female,Hyderabad,Self-Employed,Savings,2024-08-17
CUST00175,32,Female,Pune,Student,Savings,2020-03-29
CUST00176,60,Male,Mumbai,Salaried,Savings,2021-11-25
CUST00177,46,Male,Ranchi,Salaried,Current,2020-07-01
CUST00178,53,Male,Mumbai,Retired,Salary,2026-02-12
CUST00179,30,Male,Mumbai,Salaried,Savings,2020-02-11
CUST00180,49,Male,Mumbai,Self-Employed,Savings,2021-02-27
CUST00181,24,Female,Delhi,Salaried,Salary,2026-05-03
CUST00182,68,Female,Hyderabad,Salaried,Salary,2021-12-04
CUST00183,39,Other,Bangalore,Salaried,Current,2020-07-09
CUST00184,45,Male,Patna,Business,Savings,2021-11-10
CUST00185,19,Male,Patna,Salaried,Savings,2022-02-01
CUST00186,59,Male,Hyderabad,Student,Salary,2020-11-14
CUST00187,62,Female,Hyderabad,Salaried,Savings,2024-03-01
CUST00188,70,Male,Mumbai,Self-Employed,Salary,2023-05-10
CUST00189,23,Male,Kolkata,Salaried,Savings,2022-09-02
CUST00190,45,Male,Hyderabad,Other / Unspecified,Salary,2020-05-13
CUST00191,45,Male,Bangalore,Salaried,Salary,2023-02-18
CUST00192,61,Male,Mumbai,Salaried,Savings,2022-11-27
CUST00193,61,Male,Mumbai,Salaried,Salary,2026-01-29
CUST00194,37,Female,Bangalore,Business,Savings,2026-06-02
CUST00195,47,Male,Bangalore,Student,Savings,2020-05-21
CUST00196,28,Female,Ahmedabad,Self-Employed,Savings,2022-07-11
CUST00197,45,Female,Mumbai,Salaried,Salary,2021-12-11
CUST00198,42,Male,Mumbai,Business,Savings,2021-10-04
CUST00199,56,Other,Hyderabad,Salaried,Savings,2023-11-28
CUST00200,50,Female,Bangalore,Business,Current,2022-02-27
CUST00201,18,Female,Hyderabad,Salaried,Savings,2022-10-09
CUST00202,44,Female,Mumbai,Salaried,Current,2022-04-24
CUST00203,69,Female,Hyderabad,Business,Savings,2021-12-10
CUST00204,30,Male,Bangalore,Student,Savings,2020-01-27
CUST00205,58,Male,Delhi,Salaried,Savings,2021-11-18
CUST00206,20,Male,Kolkata,Business,Salary,2022-09-29
CUST00207,56,Male,Ranchi,Self-Employed,Salary,2024-01-04
CUST00208,23,Male,Chennai,Salaried,Savings,2020-10-02
CUST00209,25,Male,Bangalore,Salaried,Salary,2020-06-15
CUST00210,44,Other,Mumbai,Salaried,Salary,2021-09-22
CUST00211,26,Male,Bangalore,Self-Employed,Savings,2024-03-12
CUST00212,54,Female,Mumbai,Salaried,Current,2023-09-19
CUST00213,50,Male,Bangalore,Salaried,Savings,2023-11-10
CUST00214,68,Male,Hyderabad,Salaried,Savings,2020-08-31
CUST00215,59,Female,Delhi,Student,Savings,2021-04-09
CUST00216,61,Other,Chennai,Salaried,Current,2022-07-15
CUST00217,41,Female,Ranchi,Self-Employed,Salary,2023-10-14
CUST00218,32,Female,Patna,Student,Savings,2023-03-07
CUST00219,71,Male,Hyderabad,Salaried,Current,2023-09-07
CUST00220,49,Male,Hyderabad,Salaried,Savings,2020-05-16
CUST00221,49,Female,Mumbai,Business,Current,2022-07-14
CUST00222,41,Female,Bangalore,Salaried,Savings,2024-07-16
CUST00223,58,Male,Kolkata,Salaried,Current,2025-08-27
CUST00224,69,Female,Patna,Business,Salary,2026-03-20
CUST00225,66,Male,Hyderabad,Self-Employed,Savings,2026-04-13
CUST00226,66,Female,Pune,Other / Unspecified,Current,2023-03-12
CUST00227,69,Male,Pune,Self-Employed,Savings,2022-05-02
CUST00228,29,Female,Bangalore,Salaried,Salary,2022-03-04
CUST00229,56,Male,Ranchi,Salaried,Savings,2022-10-02
CUST00230,19,Female,Patna,Retired,Savings,2022-02-28
CUST00231,20,Male,Patna,Retired,Current,2021-10-26
CUST00232,66,Male,Bangalore,Salaried,Savings,2023-04-21
CUST00233,54,Female,Mumbai,Self-Employed,Current,2022-10-05
CUST00234,66,Female,Bangalore,Student,Savings,2024-06-02
CUST00235,34,Male,Delhi,Self-Employed,Savings,2021-10-30
CUST00236,66,Male,Kolkata,Business,Savings,2024-10-13
CUST00237,19,Female,Mumbai,Self-Employed,Savings,2021-06-25
CUST00238,19,Male,Bangalore,Self-Employed,Salary,2020-01-30
CUST00239,45,Female,Pune,Salaried,Savings,2026-01-10
CUST00240,71,Female,Delhi,Salaried,Savings,2020-04-19
CUST00241,40,Male,Chennai,Student,Savings,2023-11-21
CUST00242,54,Female,Mumbai,Salaried,Savings,2026-04-30
CUST00243,49,Male,Ahmedabad,Business,Salary,2026-01-14
CUST00244,50,Female,Mumbai,Salaried,Current,2022-08-02
CUST00245,18,Male,Patna,Freelancer,Current,2021-05-16
CUST00246,36,Female,Ranchi,Salaried,Savings,2021-06-01
CUST00247,19,Male,Ahmedabad,Salaried,Savings,2023-01-08
CUST00248,70,Male,Mumbai,Retired,Salary,2023-01-11
CUST00249,61,Female,Patna,Salaried,Salary,2021-01-05
CUST00250,43,Male,Delhi,Self-Employed,Current,2021-10-24
CUST00251,49,Male,Mumbai,Self-Employed,Savings,2020-08-23
CUST00252,23,Female,Bangalore,Self-Employed,Savings,2024-12-24
CUST00253,49,Male,Ranchi,Salaried,Savings,2023-09-27
CUST00254,21,Male,Kolkata,Business,Current,2024-05-27
CUST00255,28,Other,Hyderabad,Student,Salary,2023-07-06
CUST00256,34,Other,Mumbai,Self-Employed,Savings,2021-07-02
CUST00257,55,Male,Pune,Salaried,Savings,2020-08-19
CUST00258,41,Male,Pune,Self-Employed,Savings,2021-04-27
CUST00259,22,Male,Delhi,Self-Employed,Savings,2021-08-07
CUST00260,69,Female,Kolkata,Salaried,Savings,2022-09-21
CUST00261,51,Female,Mumbai,Salaried,Savings,2025-07-26
CUST00262,23,Female,Mumbai,Student,Savings,2024-07-02
CUST00263,39,Male,Mumbai,Salaried,Savings,2022-03-22
CUST00264,28,Male,Mumbai,Salaried,Current,2020-11-04
CUST00265,65,Female,Bangalore,Salaried,Savings,2025-05-24
CUST00266,33,Female,Kolkata,Business,Savings,2025-02-26
CUST00267,50,Female,Mumbai,Salaried,Savings,2023-06-19
CUST00268,26,Other,Delhi,Self-Employed,Savings,2024-03-02
CUST00269,23,Female,Mumbai,Business,Savings,2023-02-12
CUST00270,33,Male,Chennai,Salaried,Savings,2021-10-17
CUST00271,46,Female,Hyderabad,Salaried,Savings,2020-09-25
CUST00272,20,Male,Delhi,Business,Salary,2020-03-01
CUST00273,37,Female,Ahmedabad,Retired,Savings,2024-04-21
CUST00274,53,Female,Kolkata,Salaried,Savings,2022-01-16
CUST00275,36,Male,Patna,Salaried,Savings,2023-01-03
CUST00276,43,Male,Ranchi,Self-Employed,Savings,2021-01-15
CUST00277,20,Male,Ranchi,Retired,Current,2026-05-08
CUST00278,36,Female,Hyderabad,Business,Current,2022-04-12
CUST00279,37,Male,Mumbai,Self-Employed,Savings,2025-01-09
CUST00280,49,Female,Mumbai,Salaried,Salary,2023-11-01
CUST00281,24,Female,Ahmedabad,Salaried,Savings,2021-02-04
CUST00282,69,Male,Patna,Self-Employed,Current,2021-06-26
CUST00283,58,Female,Kolkata,Student,Savings,2022-01-10
CUST00284,50,Male,Mumbai,Salaried,Savings,2024-06-08
CUST00285,57,Male,Mumbai,Self-Employed,Savings,2025-01-02
CUST00286,56,Female,Hyderabad,Business,Salary,2020-11-07
CUST00287,35,Female,Bangalore,Salaried,Savings,2022-07-27
CUST00288,57,Male,Mumbai,Self-Employed,Current,2021-02-13
CUST00289,18,Male,Delhi,Salaried,Savings,2025-05-26
CUST00290,28,Male,Bangalore,Salaried,Savings,2024-03-05
CUST00291,45,Male,Bangalore,Salaried,Savings,2022-08-08
CUST00292,42,Female,Mumbai,Salaried,Savings,2024-06-29
CUST00293,67,Female,Mumbai,Salaried,Savings,2021-06-08
CUST00294,40,Male,Delhi,Salaried,Savings,2024-09-30
CUST00295,48,Female,Bangalore,Freelancer,Savings,2023-01-27
CUST00296,47,Female,Bangalore,Self-Employed,Salary,2025-04-23
CUST00297,59,Male,Pune,Self-Employed,Salary,2023-07-28
CUST00298,52,Male,Delhi,Business,Current,2021-09-11
CUST00299,24,Male,Bangalore,Retired,Savings,2025-09-14
CUST00300,33,Female,Mumbai,Student,Savings,2024-06-20
CUST00301,43,Female,Bangalore,Salaried,Savings,2022-10-28
CUST00302,65,Male,Mumbai,Salaried,Salary,2024-04-18
CUST00303,69,Female,Ahmedabad,Salaried,Savings,2021-02-25
CUST00304,66,Female,Bangalore,Self-Employed,Savings,2021-08-04
CUST00305,19,Male,Kolkata,Retired,Savings,2020-04-14
CUST00306,18,Male,Patna,Business,Current,2024-10-09
CUST00307,65,Male,Mumbai,Salaried,Current,2021-05-08
CUST00308,29,Female,Kolkata,Salaried,Savings,2025-01-11
CUST00309,22,Female,Patna,Salaried,Savings,2022-07-25
CUST00310,54,Female,Hyderabad,Business,Savings,2020-04-18
CUST00311,49,Female,Ahmedabad,Freelancer,Current,2020-01-19
CUST00312,26,Male,Ahmedabad,Salaried,Salary,2026-05-28
CUST00313,58,Male,Hyderabad,Student,Savings,2021-10-10
CUST00314,52,Male,Mumbai,Retired,Savings,2025-12-23
CUST00315,36,Female,Ranchi,Retired,Salary,2023-01-05
CUST00316,65,Female,Pune,Salaried,Savings,2023-07-15
CUST00317,33,Male,Patna,Salaried,Savings,2021-07-16
CUST00318,20,Female,Mumbai,Self-Employed,Savings,2023-01-12
CUST00319,37,Male,Hyderabad,Business,Savings,2020-09-07
CUST00320,41,Female,Ahmedabad,Salaried,Savings,2022-02-21
CUST00321,71,Female,Ranchi,Retired,Salary,2021-11-11
CUST00322,50,Female,Bangalore,Retired,Savings,2021-03-09
CUST00323,41,Female,Hyderabad,Self-Employed,Current,2020-09-14
CUST00324,69,Female,Mumbai,Self-Employed,Savings,2023-12-20
CUST00325,28,Male,Ranchi,Freelancer,Salary,2022-08-01
CUST00326,66,Female,Mumbai,Salaried,Savings,2023-09-21
CUST00327,25,Male,Hyderabad,Business,Savings,2023-12-23
CUST00328,53,Female,Mumbai,Salaried,Savings,2020-02-10
CUST00329,55,Female,Bangalore,Salaried,Current,2023-07-25
CUST00330,57,Female,Mumbai,Salaried,Current,2021-01-20
CUST00331,37,Female,Hyderabad,Salaried,Savings,2023-01-14
CUST00332,52,Male,Mumbai,Student,Current,2022-05-09
CUST00333,65,Female,Ahmedabad,Salaried,Savings,2021-07-25
CUST00334,42,Male,Hyderabad,Self-Employed,Savings,2021-02-15
CUST00335,52,Female,Delhi,Salaried,Current,2021-03-06
CUST00336,42,Female,Ranchi,Salaried,Current,2023-05-11
CUST00337,46,Male,Chennai,Business,Savings,2022-08-31
CUST00338,35,Female,Hyderabad,Retired,Current,2020-07-21
CUST00339,63,Male,Hyderabad,Retired,Salary,2025-10-20
CUST00340,35,Male,Bangalore,Salaried,Current,2024-12-13
CUST00341,19,Female,Ranchi,Retired,Salary,2025-06-10
CUST00342,71,Male,Mumbai,Self-Employed,Current,2025-03-03
CUST00343,52,Male,Delhi,Salaried,Savings,2021-07-26
CUST00344,33,Male,Ranchi,Self-Employed,Current,2022-12-04
CUST00345,58,Male,Ahmedabad,Salaried,Savings,2025-03-24
CUST00346,53,Female,Hyderabad,Salaried,Savings,2021-06-03
CUST00347,50,Female,Bangalore,Self-Employed,Savings,2024-03-13
CUST00348,21,Male,Delhi,Self-Employed,Current,2022-10-26
CUST00349,50,Female,Patna,Retired,Savings,2021-06-21
CUST00350,31,Male,Bangalore,Salaried,Salary,2021-09-20
CUST00351,38,Other,Pune,Other / Unspecified,Savings,2021-01-17
CUST00352,65,Male,Delhi,Salaried,Current,2025-08-17
CUST00353,37,Female,Patna,Self-Employed,Salary,2026-02-11
CUST00354,25,Male,Delhi,Retired,Savings,2022-08-25
CUST00355,24,Female,Pune,Self-Employed,Savings,2022-11-07
CUST00356,20,Male,Ranchi,Student,Savings,2023-08-09
CUST00357,34,Female,Patna,Salaried,Savings,2026-01-19
CUST00358,50,Male,Delhi,Salaried,Savings,2021-03-24
CUST00359,65,Male,Bangalore,Salaried,Savings,2022-01-08
CUST00360,29,Male,Delhi,Salaried,Salary,2020-01-31
CUST00361,68,Female,Mumbai,Salaried,Savings,2023-05-24
CUST00362,39,Male,Hyderabad,Student,Savings,2026-02-01
CUST00363,39,Female,Delhi,Business,Savings,2025-06-01
CUST00364,63,Male,Kolkata,Freelancer,Salary,2025-07-10
CUST00365,47,Male,Mumbai,Salaried,Current,2020-06-18
CUST00366,55,Female,Hyderabad,Self-Employed,Current,2024-11-02
CUST00367,55,Male,Pune,Self-Employed,Salary,2025-07-11
CUST00368,62,Female,Mumbai,Self-Employed,Current,2024-04-14
CUST00369,68,Male,Patna,Salaried,Salary,2026-06-11
CUST00370,71,Female,Patna,Salaried,Savings,2022-03-23
CUST00371,25,Male,Chennai,Salaried,Salary,2022-05-05
CUST00372,44,Female,Delhi,Salaried,Savings,2022-08-18
CUST00373,44,Female,Bangalore,Salaried,Salary,2021-11-27
CUST00374,51,Female,Ahmedabad,Retired,Savings,2026-04-05
CUST00375,38,Male,Hyderabad,Salaried,Savings,2024-10-27
CUST00376,47,Male,Delhi,Retired,Savings,2023-12-22
CUST00377,50,Female,Mumbai,Freelancer,Savings,2021-01-25
CUST00378,45,Male,Bangalore,Business,Current,2024-01-06
CUST00379,64,Male,Delhi,Other / Unspecified,Salary,2020-08-22
CUST00380,50,Female,Hyderabad,Business,Savings,2021-11-10
CUST00381,22,Female,Mumbai,Salaried,Current,2023-10-25
CUST00382,65,Male,Kolkata,Salaried,Current,2025-03-28
CUST00383,36,Male,Hyderabad,Student,Salary,2026-02-01
CUST00384,21,Male,Patna,Business,Savings,2023-04-02
CUST00385,52,Male,Delhi,Salaried,Salary,2024-11-09
CUST00386,66,Male,Mumbai,Retired,Savings,2023-01-31
CUST00387,34,Male,Delhi,Freelancer,Salary,2020-08-22
CUST00388,61,Male,Hyderabad,Self-Employed,Savings,2025-10-29
CUST00389,45,Female,Hyderabad,Business,Salary,2023-09-28
CUST00390,47,Female,Bangalore,Salaried,Savings,2025-08-24
CUST00391,46,Female,Mumbai,Student,Current,2024-01-11
CUST00392,63,Female,Kolkata,Salaried,Savings,2025-11-29
CUST00393,70,Male,Mumbai,Salaried,Savings,2025-12-12
CUST00394,23,Male,Patna,Retired,Current,2022-02-25
CUST00395,52,Male,Pune,Self-Employed,Savings,2026-01-26
CUST00396,58,Male,Ranchi,Business,Salary,2021-12-04
CUST00397,54,Male,Chennai,Self-Employed,Salary,2023-08-06
CUST00398,41,Female,Mumbai,Student,Savings,2024-11-25
CUST00399,46,Female,Kolkata,Salaried,Current,2025-05-11
CUST00400,66,Male,Ahmedabad,Salaried,Savings,2021-07-06
CUST00401,63,Male,Kolkata,Business,Savings,2024-07-14
CUST00402,70,Male,Ranchi,Student,Savings,2021-12-05
CUST00403,48,Male,Pune,Salaried,Savings,2020-03-14
CUST00404,52,Female,Bangalore,Salaried,Salary,2025-09-11
CUST00405,50,Female,Chennai,Salaried,Salary,2022-12-26
CUST00406,69,Male,Mumbai,Student,Savings,2024-06-17
CUST00407,38,Male,Pune,Freelancer,Savings,2025-05-29
CUST00408,49,Male,Pune,Business,Savings,2021-05-28
CUST00409,40,Female,Mumbai,Salaried,Savings,2021-11-20
CUST00410,50,Male,Delhi,Salaried,Current,2024-01-24
CUST00411,20,Female,Patna,Salaried,Salary,2023-06-03
CUST00412,35,Female,Kolkata,Business,Savings,2022-06-06
CUST00413,42,Female,Mumbai,Other / Unspecified,Savings,2023-07-30
CUST00414,59,Male,Hyderabad,Salaried,Savings,2024-03-08
CUST00415,48,Male,Hyderabad,Self-Employed,Savings,2020-11-24
CUST00416,71,Male,Hyderabad,Salaried,Current,2024-05-23
CUST00417,20,Male,Bangalore,Self-Employed,Savings,2021-11-22
CUST00418,57,Male,Delhi,Self-Employed,Savings,2026-03-25
CUST00419,63,Female,Mumbai,Business,Salary,2021-10-13
CUST00420,41,Male,Kolkata,Business,Savings,2021-12-08
CUST00421,67,Male,Delhi,Salaried,Savings,2022-01-21
CUST00422,49,Female,Bangalore,Retired,Savings,2023-12-06
CUST00423,64,Male,Kolkata,Salaried,Savings,2020-02-05
CUST00424,39,Female,Hyderabad,Retired,Savings,2021-03-11
CUST00425,40,Male,Ranchi,Business,Current,2025-12-24
CUST00426,19,Male,Patna,Salaried,Savings,2022-01-21
CUST00427,44,Female,Patna,Student,Savings,2023-12-15
CUST00428,59,Male,Mumbai,Business,Savings,2024-07-19
CUST00429,19,Female,Delhi,Student,Salary,2021-11-19
CUST00430,43,Female,Delhi,Salaried,Savings,2023-05-13
CUST00431,34,Male,Delhi,Self-Employed,Savings,2025-01-05
CUST00432,57,Male,Ranchi,Salaried,Savings,2021-12-05
CUST00433,50,Male,Patna,Salaried,Savings,2026-03-12
CUST00434,26,Female,Chennai,Salaried,Savings,2024-08-11
CUST00435,60,Male,Kolkata,Retired,Savings,2022-02-11
CUST00436,71,Male,Hyderabad,Business,Savings,2022-10-28
CUST00437,65,Male,Chennai,Salaried,Current,2022-01-08
CUST00438,56,Female,Bangalore,Salaried,Savings,2020-02-22
CUST00439,46,Male,Kolkata,Student,Salary,2021-01-06
CUST00440,59,Female,Patna,Business,Salary,2021-11-25
CUST00441,43,Female,Pune,Salaried,Savings,2021-10-27
CUST00442,52,Other,Patna,Salaried,Salary,2022-10-03
CUST00443,67,Female,Kolkata,Student,Savings,2023-01-25
CUST00444,42,Female,Pune,Freelancer,Savings,2020-12-23
CUST00445,41,Female,Bangalore,Student,Savings,2023-03-23
CUST00446,30,Female,Ahmedabad,Business,Salary,2026-05-22
CUST00447,24,Female,Pune,Salaried,Savings,2026-06-06
CUST00448,53,Male,Kolkata,Salaried,Salary,2021-12-17
CUST00449,62,Female,Delhi,Self-Employed,Savings,2020-02-16
CUST00450,37,Male,Mumbai,Salaried,Salary,2020-02-25
CUST00451,18,Female,Chennai,Salaried,Current,2024-09-06
CUST00452,25,Female,Bangalore,Salaried,Savings,2024-06-03
CUST00453,63,Male,Chennai,Salaried,Savings,2021-11-28
CUST00454,33,Male,Delhi,Salaried,Salary,2024-12-21
CUST00455,31,Male,Mumbai,Self-Employed,Current,2020-06-11
CUST00456,29,Female,Pune,Self-Employed,Savings,2021-07-04
CUST00457,68,Female,Hyderabad,Self-Employed,Savings,2024-08-05
CUST00458,40,Male,Mumbai,Business,Savings,2024-06-20
CUST00459,32,Female,Delhi,Salaried,Savings,2020-01-02
CUST00460,45,Male,Ranchi,Salaried,Salary,2022-12-10
CUST00461,51,Male,Hyderabad,Salaried,Savings,2023-11-04
CUST00462,19,Male,Mumbai,Salaried,Savings,2020-08-03
CUST00463,49,Male,Mumbai,Self-Employed,Savings,2024-01-19
CUST00464,40,Male,Ranchi,Business,Savings,2024-10-28
CUST00465,39,Male,Chennai,Salaried,Current,2022-03-06
CUST00466,68,Male,Delhi,Salaried,Savings,2022-01-28
CUST00467,42,Male,Mumbai,Self-Employed,Savings,2020-09-30
CUST00468,39,Female,Bangalore,Salaried,Savings,2025-05-08
CUST00469,39,Female,Chennai,Salaried,Savings,2023-03-13
CUST00470,66,Male,Bangalore,Retired,Salary,2020-06-10
CUST00471,69,Male,Delhi,Business,Savings,2020-03-17
CUST00472,59,Male,Bangalore,Salaried,Salary,2022-08-06
CUST00473,23,Male,Patna,Freelancer,Savings,2020-11-02
CUST00474,32,Male,Hyderabad,Salaried,Savings,2020-07-23
CUST00475,71,Male,Delhi,Business,Savings,2020-12-11
CUST00476,60,Female,Kolkata,Salaried,Savings,2026-06-12
CUST00477,54,Female,Pune,Self-Employed,Salary,2022-06-18
CUST00478,50,Female,Kolkata,Salaried,Salary,2022-10-03
CUST00479,25,Female,Patna,Salaried,Savings,2024-02-27
CUST00480,70,Female,Ranchi,Business,Savings,2022-04-02
CUST00481,61,Male,Bangalore,Business,Savings,2026-01-15
CUST00482,61,Male,Delhi,Business,Current,2021-12-28
CUST00483,22,Male,Mumbai,Self-Employed,Savings,2021-07-04
CUST00484,56,Female,Pune,Student,Current,2021-10-18
CUST00485,21,Female,Patna,Self-Employed,Savings,2023-05-05
CUST00486,23,Female,Kolkata,Salaried,Savings,2025-03-14
CUST00487,62,Male,Chennai,Salaried,Savings,2021-01-18
CUST00488,49,Female,Kolkata,Salaried,Savings,2020-12-21
CUST00489,69,Male,Delhi,Self-Employed,Savings,2022-06-29
CUST00490,47,Female,Kolkata,Retired,Savings,2024-04-14
CUST00491,64,Male,Pune,Business,Savings,2020-01-24
CUST00492,52,Male,Bangalore,Salaried,Current,2020-07-10
CUST00493,57,Male,Bangalore,Business,Current,2024-09-15
CUST00494,69,Male,Chennai,Salaried,Savings,2020-03-28
CUST00495,33,Male,Bangalore,Salaried,Savings,2025-12-06
CUST00496,30,Female,Mumbai,Salaried,Savings,2021-08-11
CUST00497,67,Male,Pune,Salaried,Salary,2025-03-04
CUST00498,59,Male,Hyderabad,Salaried,Current,2025-06-13
CUST00499,47,Male,Hyderabad,Retired,Savings,2020-06-01
CUST00500,36,Male,Bangalore,Salaried,Current,2023-08-05
CUST00501,34,Female,Ranchi,Business,Savings,2024-06-26
CUST00502,36,Male,Chennai,Salaried,Savings,2023-02-24
CUST00503,45,Male,Hyderabad,Student,Savings,2024-06-27
CUST00504,43,Female,Mumbai,Salaried,Salary,2021-03-30
CUST00505,54,Male,Bangalore,Salaried,Salary,2024-09-08
CUST00506,43,Female,Chennai,Self-Employed,Salary,2020-08-12
CUST00507,70,Male,Mumbai,Salaried,Salary,2025-04-25
CUST00508,40,Male,Kolkata,Salaried,Savings,2024-11-20
CUST00509,26,Male,Mumbai,Self-Employed,Savings,2021-06-15
CUST00510,29,Male,Bangalore,Retired,Savings,2024-05-20
CUST00511,70,Male,Chennai,Self-Employed,Salary,2023-02-26
CUST00512,18,Male,Patna,Salaried,Salary,2022-06-13
CUST00513,18,Female,Bangalore,Self-Employed,Savings,2025-11-23
CUST00514,64,Male,Ahmedabad,Salaried,Salary,2023-12-20
CUST00515,51,Female,Patna,Business,Savings,2020-02-12
CUST00516,49,Female,Mumbai,Student,Savings,2020-03-01
CUST00517,71,Male,Hyderabad,Salaried,Savings,2026-06-02
CUST00518,65,Male,Kolkata,Business,Savings,2023-08-26
CUST00519,42,Male,Delhi,Retired,Salary,2022-07-23
CUST00520,57,Male,Ranchi,Business,Savings,2025-03-11
CUST00521,62,Other,Mumbai,Self-Employed,Salary,2021-12-11
CUST00522,70,Male,Delhi,Business,Salary,2022-03-29
CUST00523,18,Female,Kolkata,Self-Employed,Salary,2023-01-16
CUST00524,33,Female,Pune,Salaried,Current,2024-10-01
CUST00525,56,Female,Bangalore,Salaried,Salary,2021-01-04
CUST00526,22,Female,Mumbai,Salaried,Savings,2024-12-26
CUST00527,39,Female,Patna,Self-Employed,Savings,2024-10-09
CUST00528,46,Male,Bangalore,Student,Savings,2021-08-23
CUST00529,20,Male,Hyderabad,Salaried,Savings,2022-07-02
CUST00530,29,Male,Patna,Student,Savings,2021-03-31
CUST00531,43,Male,Delhi,Retired,Savings,2022-04-22
CUST00532,33,Female,Kolkata,Salaried,Savings,2022-03-22
CUST00533,68,Female,Bangalore,Salaried,Savings,2024-08-07
CUST00534,54,Male,Mumbai,Business,Savings,2021-04-14
CUST00535,39,Female,Ranchi,Retired,Savings,2020-02-20
CUST00536,46,Female,Bangalore,Salaried,Salary,2022-11-26
CUST00537,31,Male,Delhi,Salaried,Savings,2023-03-05
CUST00538,45,Female,Bangalore,Retired,Savings,2021-01-16
CUST00539,22,Female,Hyderabad,Salaried,Savings,2024-11-17
CUST00540,64,Male,Mumbai,Salaried,Salary,2023-05-12
CUST00541,66,Female,Ahmedabad,Self-Employed,Savings,2021-07-16
CUST00542,47,Female,Ranchi,Salaried,Savings,2022-03-30
CUST00543,63,Male,Ranchi,Salaried,Salary,2021-02-10
CUST00544,69,Male,Hyderabad,Salaried,Salary,2024-05-12
CUST00545,22,Male,Ranchi,Business,Savings,2023-11-30
CUST00546,29,Female,Patna,Salaried,Savings,2023-02-04
CUST00547,33,Female,Hyderabad,Salaried,Savings,2023-03-24
CUST00548,43,Male,Kolkata,Salaried,Savings,2021-04-21
CUST00549,43,Female,Mumbai,Business,Salary,2022-03-16
CUST00550,65,Male,Kolkata,Business,Savings,2025-02-26
CUST00551,38,Female,Pune,Salaried,Savings,2022-01-01
CUST00552,56,Female,Patna,Business,Savings,2025-03-15
CUST00553,53,Male,Bangalore,Salaried,Savings,2025-04-08
CUST00554,50,Female,Chennai,Salaried,Savings,2024-05-09
CUST00555,47,Female,Ranchi,Salaried,Current,2025-11-13
CUST00556,54,Female,Patna,Business,Savings,2024-01-22
CUST00557,40,Male,Kolkata,Business,Savings,2025-05-06
CUST00558,27,Other,Mumbai,Salaried,Savings,2024-09-17
CUST00559,71,Female,Pune,Salaried,Salary,2020-05-09
CUST00560,22,Male,Ranchi,Student,Savings,2024-09-24
CUST00561,53,Male,Kolkata,Self-Employed,Salary,2022-05-03
CUST00562,51,Male,Patna,Salaried,Savings,2022-10-25
CUST00563,69,Male,Delhi,Business,Savings,2023-04-12
CUST00564,48,Male,Ranchi,Business,Salary,2022-01-07
CUST00565,27,Female,Delhi,Salaried,Current,2020-07-03
CUST00566,36,Female,Hyderabad,Self-Employed,Savings,2023-02-10
CUST00567,49,Male,Mumbai,Salaried,Savings,2024-10-21
CUST00568,18,Female,Delhi,Salaried,Savings,2020-10-11
CUST00569,22,Female,Bangalore,Self-Employed,Savings,2025-04-22
CUST00570,62,Female,Hyderabad,Salaried,Salary,2023-09-04
CUST00571,21,Female,Patna,Salaried,Savings,2023-10-25
CUST00572,33,Male,Bangalore,Salaried,Savings,2021-02-13
CUST00573,41,Female,Hyderabad,Salaried,Savings,2025-09-26
CUST00574,33,Female,Delhi,Business,Savings,2026-03-04
CUST00575,19,Male,Hyderabad,Self-Employed,Savings,2024-12-12
CUST00576,66,Female,Mumbai,Salaried,Savings,2020-03-21
CUST00577,45,Male,Hyderabad,Salaried,Savings,2020-12-20
CUST00578,49,Male,Ahmedabad,Freelancer,Savings,2025-07-18
CUST00579,44,Male,Kolkata,Self-Employed,Savings,2026-05-01
CUST00580,37,Female,Mumbai,Self-Employed,Current,2022-02-12
CUST00581,41,Male,Ahmedabad,Retired,Savings,2021-12-07
CUST00582,29,Female,Bangalore,Self-Employed,Savings,2023-05-12
CUST00583,67,Female,Patna,Salaried,Savings,2022-01-18
CUST00584,52,Male,Hyderabad,Salaried,Savings,2020-06-17
CUST00585,50,Female,Hyderabad,Self-Employed,Savings,2021-11-21
CUST00586,50,Male,Hyderabad,Salaried,Savings,2023-03-21
CUST00587,68,Male,Bangalore,Salaried,Savings,2026-04-14
CUST00588,60,Female,Mumbai,Self-Employed,Current,2022-06-16
CUST00589,54,Male,Patna,Salaried,Salary,2024-12-28
CUST00590,29,Male,Patna,Salaried,Savings,2023-06-14
CUST00591,20,Female,Mumbai,Freelancer,Savings,2022-12-28
CUST00592,18,Male,Kolkata,Salaried,Current,2022-12-30
CUST00593,50,Male,Bangalore,Salaried,Savings,2020-11-14
CUST00594,57,Female,Mumbai,Salaried,Savings,2025-07-25
CUST00595,27,Male,Chennai,Self-Employed,Savings,2021-11-20
CUST00596,60,Female,Ranchi,Self-Employed,Savings,2022-06-16
CUST00597,61,Female,Patna,Salaried,Salary,2023-01-05
CUST00598,46,Male,Pune,Student,Salary,2023-11-15
CUST00599,30,Male,Bangalore,Freelancer,Savings,2024-10-20
CUST00600,29,Female,Hyderabad,Salaried,Savings,2023-10-05
CUST00601,48,Male,Ranchi,Salaried,Savings,2022-03-15
CUST00602,63,Female,Mumbai,Student,Current,2025-08-14
CUST00603,19,Male,Ranchi,Self-Employed,Current,2024-05-11
CUST00604,68,Female,Delhi,Salaried,Savings,2026-06-03
CUST00605,67,Female,Patna,Salaried,Salary,2022-11-12
CUST00606,52,Female,Kolkata,Self-Employed,Savings,2025-01-11
CUST00607,40,Male,Pune,Self-Employed,Current,2026-05-24
CUST00608,34,Female,Mumbai,Business,Savings,2020-02-14
CUST00609,43,Male,Hyderabad,Self-Employed,Savings,2021-11-08
CUST00610,25,Male,Hyderabad,Salaried,Savings,2024-01-10
CUST00611,46,Female,Kolkata,Business,Savings,2023-04-16
CUST00612,43,Male,Delhi,Salaried,Savings,2026-01-04
CUST00613,27,Female,Bangalore,Salaried,Savings,2024-02-23
CUST00614,43,Male,Bangalore,Salaried,Savings,2022-07-12
CUST00615,51,Male,Mumbai,Salaried,Current,2024-03-30
CUST00616,68,Male,Chennai,Salaried,Savings,2021-07-14
CUST00617,58,Female,Bangalore,Self-Employed,Current,2024-09-08
CUST00618,24,Male,Ranchi,Salaried,Current,2026-04-10
CUST00619,21,Female,Delhi,Salaried,Salary,2026-05-14
CUST00620,70,Male,Bangalore,Business,Current,2020-06-18
CUST00621,67,Male,Chennai,Business,Salary,2023-02-24
CUST00622,62,Male,Bangalore,Business,Salary,2025-03-30
CUST00623,28,Male,Hyderabad,Self-Employed,Salary,2021-12-09
CUST00624,46,Male,Mumbai,Salaried,Savings,2022-03-21
CUST00625,53,Male,Ranchi,Business,Savings,2025-10-13
CUST00626,42,Female,Delhi,Salaried,Savings,2024-11-12
CUST00627,38,Male,Patna,Business,Savings,2022-12-26
CUST00628,53,Male,Bangalore,Self-Employed,Savings,2020-09-15
CUST00629,27,Male,Patna,Student,Current,2020-02-19
CUST00630,54,Female,Mumbai,Freelancer,Salary,2020-01-14
CUST00631,26,Female,Hyderabad,Salaried,Salary,2023-10-20
CUST00632,41,Male,Bangalore,Salaried,Current,2022-07-19
CUST00633,52,Male,Delhi,Business,Current,2025-08-13
CUST00634,66,Male,Hyderabad,Salaried,Current,2023-10-13
CUST00635,52,Male,Kolkata,Business,Savings,2023-07-05
CUST00636,65,Male,Delhi,Salaried,Savings,2025-05-27
CUST00637,53,Male,Delhi,Business,Savings,2023-01-02
CUST00638,35,Male,Hyderabad,Salaried,Savings,2021-12-15
CUST00639,66,Male,Kolkata,Salaried,Savings,2021-01-09
CUST00640,56,Male,Ahmedabad,Freelancer,Savings,2024-05-19
CUST00641,49,Female,Mumbai,Salaried,Current,2023-02-14
CUST00642,41,Female,Delhi,Other / Unspecified,Current,2022-08-18
CUST00643,40,Female,Kolkata,Salaried,Savings,2023-08-08
CUST00644,49,Male,Ranchi,Student,Savings,2020-03-06
CUST00645,54,Female,Kolkata,Self-Employed,Salary,2020-05-13
CUST00646,29,Male,Delhi,Business,Savings,2022-06-21
CUST00647,66,Female,Mumbai,Self-Employed,Savings,2025-05-07
CUST00648,30,Female,Mumbai,Salaried,Savings,2025-12-25
CUST00649,40,Male,Hyderabad,Salaried,Savings,2020-11-14
CUST00650,42,Male,Hyderabad,Salaried,Savings,2022-12-08
CUST00651,52,Male,Ranchi,Salaried,Savings,2024-10-16
CUST00652,58,Male,Hyderabad,Retired,Current,2020-07-23
CUST00653,47,Female,Chennai,Business,Salary,2023-06-02
CUST00654,34,Male,Delhi,Self-Employed,Savings,2025-06-24
CUST00655,66,Female,Hyderabad,Self-Employed,Salary,2024-08-08
CUST00656,37,Male,Mumbai,Salaried,Savings,2021-01-19
CUST00657,65,Male,Patna,Business,Salary,2023-04-17
CUST00658,42,Female,Pune,Salaried,Savings,2022-06-28
CUST00659,39,Male,Hyderabad,Self-Employed,Savings,2025-02-09
CUST00660,30,Male,Bangalore,Other / Unspecified,Savings,2025-08-31
CUST00661,36,Female,Mumbai,Self-Employed,Salary,2025-11-10
CUST00662,66,Male,Delhi,Other / Unspecified,Current,2022-12-08
CUST00663,53,Other,Kolkata,Other / Unspecified,Savings,2023-02-03
CUST00664,29,Male,Mumbai,Salaried,Current,2022-05-19
CUST00665,58,Female,Hyderabad,Self-Employed,Savings,2025-02-15
CUST00666,36,Female,Mumbai,Retired,Savings,2020-07-28
CUST00667,29,Female,Patna,Retired,Salary,2024-06-10
CUST00668,26,Male,Hyderabad,Business,Salary,2024-03-16
CUST00669,24,Male,Pune,Student,Savings,2020-12-03
CUST00670,45,Male,Mumbai,Salaried,Savings,2026-01-29
CUST00671,31,Male,Delhi,Self-Employed,Savings,2025-01-22
CUST00672,48,Female,Mumbai,Student,Savings,2023-12-10
CUST00673,69,Other,Mumbai,Salaried,Savings,2024-08-29
CUST00674,36,Male,Pune,Salaried,Savings,2022-11-16
CUST00675,64,Female,Patna,Salaried,Salary,2024-08-23
CUST00676,33,Female,Chennai,Salaried,Savings,2025-03-29
CUST00677,70,Female,Mumbai,Freelancer,Savings,2021-06-22
CUST00678,22,Female,Mumbai,Salaried,Savings,2024-05-07
CUST00679,52,Male,Patna,Salaried,Savings,2022-08-15
CUST00680,29,Male,Kolkata,Business,Savings,2024-07-13
CUST00681,42,Female,Bangalore,Self-Employed,Salary,2026-03-16
CUST00682,69,Male,Ahmedabad,Salaried,Savings,2020-10-02
CUST00683,38,Male,Delhi,Salaried,Savings,2024-02-15
CUST00684,53,Male,Patna,Self-Employed,Savings,2023-05-01
CUST00685,70,Male,Kolkata,Salaried,Salary,2020-12-22
CUST00686,40,Male,Ranchi,Salaried,Savings,2025-10-28
CUST00687,33,Female,Patna,Self-Employed,Savings,2024-03-06
CUST00688,56,Male,Pune,Salaried,Salary,2025-10-20
CUST00689,62,Male,Mumbai,Self-Employed,Current,2026-05-28
CUST00690,70,Female,Delhi,Retired,Savings,2020-05-17
CUST00691,59,Female,Mumbai,Salaried,Current,2020-09-01
CUST00692,56,Male,Pune,Student,Savings,2021-09-02
CUST00693,31,Female,Bangalore,Student,Current,2025-01-28
CUST00694,48,Female,Hyderabad,Self-Employed,Salary,2025-05-01
CUST00695,22,Female,Bangalore,Salaried,Savings,2021-11-14
CUST00696,52,Female,Bangalore,Self-Employed,Savings,2026-06-20
CUST00697,40,Female,Delhi,Salaried,Salary,2021-03-26
CUST00698,46,Female,Ahmedabad,Salaried,Savings,2020-02-15
CUST00699,60,Male,Pune,Self-Employed,Savings,2025-10-18
CUST00700,28,Male,Patna,Business,Savings,2023-06-15
CUST00701,35,Female,Pune,Salaried,Salary,2023-10-02
CUST00702,64,Female,Mumbai,Salaried,Salary,2020-06-16
CUST00703,29,Female,Ahmedabad,Business,Savings,2025-02-04
CUST00704,26,Male,Bangalore,Salaried,Savings,2026-04-21
CUST00705,27,Male,Hyderabad,Other / Unspecified,Savings,2024-04-26
CUST00706,61,Male,Delhi,Salaried,Savings,2020-03-24
CUST00707,34,Female,Hyderabad,Business,Savings,2023-04-03
CUST00708,55,Female,Hyderabad,Self-Employed,Current,2022-08-25
CUST00709,24,Male,Delhi,Business,Current,2024-01-28
CUST00710,63,Male,Mumbai,Salaried,Savings,2024-08-14
CUST00711,30,Female,Bangalore,Business,Savings,2024-10-20
CUST00712,57,Female,Pune,Self-Employed,Savings,2020-05-16
CUST00713,59,Female,Bangalore,Salaried,Savings,2023-10-14
CUST00714,26,Male,Patna,Student,Savings,2020-05-29
CUST00715,67,Male,Bangalore,Student,Savings,2022-07-22
CUST00716,44,Male,Ranchi,Business,Salary,2022-10-12
CUST00717,19,Male,Ahmedabad,Self-Employed,Current,2024-12-24
CUST00718,22,Male,Ranchi,Salaried,Salary,2022-12-29
CUST00719,46,Male,Mumbai,Business,Current,2024-10-06
CUST00720,54,Male,Hyderabad,Freelancer,Savings,2025-09-16
CUST00721,55,Male,Ranchi,Salaried,Savings,2022-10-03
CUST00722,36,Female,Bangalore,Student,Savings,2022-05-15
CUST00723,25,Female,Mumbai,Salaried,Salary,2020-04-20
CUST00724,65,Female,Hyderabad,Salaried,Savings,2024-06-11
CUST00725,62,Female,Hyderabad,Student,Salary,2025-06-01
CUST00726,18,Other,Mumbai,Salaried,Salary,2024-12-07
CUST00727,39,Female,Delhi,Retired,Savings,2022-05-14
CUST00728,69,Male,Bangalore,Salaried,Savings,2020-04-01
CUST00729,34,Male,Ranchi,Self-Employed,Savings,2024-07-15
CUST00730,24,Female,Hyderabad,Salaried,Salary,2025-04-13
CUST00731,42,Male,Chennai,Business,Savings,2021-05-07
CUST00732,62,Female,Patna,Salaried,Savings,2026-02-22
CUST00733,21,Female,Delhi,Self-Employed,Current,2021-07-09
CUST00734,53,Male,Kolkata,Salaried,Salary,2022-01-19
CUST00735,23,Female,Patna,Self-Employed,Salary,2022-01-21
CUST00736,48,Female,Mumbai,Salaried,Savings,2024-09-18
CUST00737,36,Male,Delhi,Salaried,Savings,2024-08-07
CUST00738,61,Male,Kolkata,Self-Employed,Savings,2025-05-01
CUST00739,71,Male,Pune,Salaried,Current,2026-06-11
CUST00740,56,Male,Hyderabad,Self-Employed,Current,2023-02-25
CUST00741,44,Female,Ranchi,Self-Employed,Savings,2020-11-28
CUST00742,27,Female,Mumbai,Retired,Savings,2020-03-07
CUST00743,43,Male,Hyderabad,Student,Savings,2025-09-27
CUST00744,36,Female,Pune,Freelancer,Savings,2025-01-25
CUST00745,56,Male,Mumbai,Retired,Savings,2025-09-12
CUST00746,20,Female,Hyderabad,Student,Current,2025-09-07
CUST00747,62,Female,Mumbai,Business,Current,2024-10-30
CUST00748,30,Female,Mumbai,Student,Savings,2023-09-09
CUST00749,67,Male,Bangalore,Self-Employed,Savings,2022-06-12
CUST00750,45,Male,Pune,Self-Employed,Savings,2025-08-19
CUST00751,37,Male,Ranchi,Business,Savings,2023-09-11
CUST00752,45,Female,Pune,Business,Savings,2020-07-10
CUST00753,25,Male,Mumbai,Self-Employed,Savings,2024-05-05
CUST00754,58,Male,Ranchi,Salaried,Savings,2025-04-12
CUST00755,56,Other,Mumbai,Salaried,Savings,2022-04-20
CUST00756,18,Female,Delhi,Salaried,Savings,2026-06-03
CUST00757,20,Male,Chennai,Salaried,Salary,2024-08-25
CUST00758,30,Male,Bangalore,Self-Employed,Savings,2022-04-17
CUST00759,45,Male,Hyderabad,Business,Savings,2023-06-01
CUST00760,66,Male,Hyderabad,Business,Savings,2021-11-23
CUST00761,42,Female,Patna,Salaried,Savings,2025-10-10
CUST00762,50,Female,Pune,Self-Employed,Savings,2025-08-25
CUST00763,55,Female,Hyderabad,Freelancer,Savings,2025-05-26
CUST00764,70,Male,Ranchi,Retired,Current,2024-06-25
CUST00765,23,Male,Chennai,Salaried,Current,2020-04-08
CUST00766,61,Female,Kolkata,Salaried,Savings,2023-07-13
CUST00767,62,Male,Pune,Business,Savings,2023-08-14
CUST00768,49,Female,Patna,Salaried,Current,2020-03-30
CUST00769,62,Male,Mumbai,Salaried,Savings,2023-05-24
CUST00770,64,Female,Bangalore,Self-Employed,Savings,2026-05-27
CUST00771,38,Female,Mumbai,Salaried,Current,2021-07-19
CUST00772,33,Male,Delhi,Salaried,Savings,2021-07-23
CUST00773,71,Male,Bangalore,Salaried,Savings,2021-04-28
CUST00774,38,Female,Ranchi,Salaried,Savings,2025-02-08
CUST00775,28,Female,Kolkata,Salaried,Savings,2020-08-28
CUST00776,54,Male,Delhi,Retired,Savings,2022-12-10
CUST00777,53,Other,Ahmedabad,Self-Employed,Savings,2026-04-16
CUST00778,52,Female,Delhi,Salaried,Current,2024-09-26
CUST00779,36,Male,Patna,Salaried,Savings,2020-11-14
CUST00780,37,Male,Mumbai,Self-Employed,Current,2026-02-10
CUST00781,35,Female,Chennai,Salaried,Current,2024-07-02
CUST00782,64,Male,Bangalore,Business,Salary,2024-12-18
CUST00783,58,Female,Chennai,Salaried,Current,2020-05-01
CUST00784,66,Male,Delhi,Self-Employed,Salary,2024-07-25
CUST00785,31,Male,Hyderabad,Freelancer,Savings,2024-05-19
CUST00786,32,Female,Delhi,Student,Savings,2022-04-23
CUST00787,48,Other,Mumbai,Student,Current,2022-02-04
CUST00788,18,Male,Delhi,Retired,Savings,2020-09-07
CUST00789,70,Female,Kolkata,Freelancer,Savings,2020-10-12
CUST00790,71,Male,Delhi,Self-Employed,Savings,2024-07-05
CUST00791,71,Female,Ranchi,Self-Employed,Savings,2021-10-29
CUST00792,20,Male,Mumbai,Self-Employed,Savings,2026-06-24
CUST00793,33,Female,Mumbai,Student,Current,2020-03-01
CUST00794,40,Female,Bangalore,Business,Savings,2025-04-27
CUST00795,28,Male,Patna,Student,Salary,2022-02-24
CUST00796,29,Female,Kolkata,Salaried,Salary,2021-12-27
CUST00797,27,Male,Kolkata,Salaried,Current,2025-09-15
CUST00798,49,Female,Bangalore,Retired,Savings,2020-11-24
CUST00799,33,Male,Delhi,Salaried,Current,2026-05-09
CUST00800,25,Female,Bangalore,Business,Savings,2026-01-06
CUST00801,55,Male,Hyderabad,Student,Savings,2021-10-16
CUST00802,29,Male,Chennai,Salaried,Savings,2025-07-02
CUST00803,41,Female,Hyderabad,Salaried,Current,2021-05-06
CUST00804,45,Other,Chennai,Student,Current,2026-04-20
CUST00805,70,Male,Ranchi,Salaried,Savings,2021-09-22
CUST00806,25,Male,Pune,Self-Employed,Savings,2024-09-10
CUST00807,45,Male,Mumbai,Salaried,Savings,2023-08-15
CUST00808,53,Male,Patna,Salaried,Savings,2022-04-15
CUST00809,43,Female,Pune,Self-Employed,Current,2022-08-13
CUST00810,25,Male,Delhi,Freelancer,Salary,2025-03-14
CUST00811,67,Male,Chennai,Salaried,Savings,2021-01-05
CUST00812,45,Male,Patna,Self-Employed,Savings,2025-02-17
CUST00813,45,Male,Delhi,Salaried,Savings,2020-01-25
CUST00814,54,Female,Kolkata,Student,Salary,2025-12-26
CUST00815,58,Female,Bangalore,Student,Savings,2024-09-28
CUST00816,53,Male,Pune,Salaried,Current,2023-06-15
CUST00817,44,Female,Bangalore,Other / Unspecified,Savings,2022-12-10
CUST00818,71,Male,Bangalore,Retired,Salary,2021-12-03
CUST00819,34,Female,Delhi,Self-Employed,Current,2024-07-17
CUST00820,26,Female,Ahmedabad,Retired,Salary,2023-04-10
CUST00821,50,Female,Bangalore,Self-Employed,Savings,2021-10-08
CUST00822,70,Male,Patna,Retired,Current,2020-05-03
CUST00823,37,Female,Mumbai,Salaried,Current,2022-04-24
CUST00824,30,Female,Mumbai,Student,Salary,2026-01-02
CUST00825,45,Other,Kolkata,Business,Savings,2022-08-18
CUST00826,65,Male,Delhi,Salaried,Current,2020-12-22
CUST00827,46,Male,Ranchi,Student,Savings,2022-08-30
CUST00828,30,Male,Pune,Self-Employed,Savings,2023-08-31
CUST00829,63,Female,Delhi,Business,Current,2023-05-23
CUST00830,52,Female,Chennai,Salaried,Savings,2020-03-19
CUST00831,23,Female,Kolkata,Salaried,Savings,2021-04-07
CUST00832,35,Male,Mumbai,Salaried,Savings,2023-03-02
CUST00833,68,Male,Mumbai,Salaried,Salary,2024-01-09
CUST00834,22,Male,Kolkata,Self-Employed,Savings,2026-05-05
CUST00835,64,Female,Mumbai,Salaried,Savings,2024-09-10
CUST00836,42,Male,Bangalore,Business,Savings,2025-01-15
CUST00837,19,Female,Kolkata,Student,Savings,2020-04-19
CUST00838,27,Male,Pune,Salaried,Savings,2024-04-07
CUST00839,47,Male,Mumbai,Salaried,Savings,2022-01-05
CUST00840,67,Female,Delhi,Salaried,Savings,2020-09-17
CUST00841,62,Male,Patna,Salaried,Salary,2023-10-24
CUST00842,22,Female,Hyderabad,Self-Employed,Savings,2026-01-15
CUST00843,50,Female,Delhi,Business,Savings,2024-12-03
CUST00844,71,Female,Delhi,Self-Employed,Salary,2022-02-16
CUST00845,18,Female,Mumbai,Self-Employed,Salary,2020-01-09
CUST00846,35,Female,Ahmedabad,Salaried,Current,2024-02-15
CUST00847,49,Male,Hyderabad,Salaried,Savings,2022-11-24
CUST00848,64,Male,Ranchi,Business,Salary,2025-12-12
CUST00849,66,Female,Mumbai,Salaried,Salary,2021-10-27
CUST00850,28,Female,Mumbai,Self-Employed,Savings,2023-01-17
CUST00851,38,Female,Delhi,Freelancer,Savings,2022-08-08
CUST00852,43,Male,Chennai,Business,Savings,2026-04-18
CUST00853,42,Male,Kolkata,Business,Savings,2025-09-30
CUST00854,39,Female,Delhi,Other / Unspecified,Savings,2023-02-12
CUST00855,44,Female,Ahmedabad,Salaried,Savings,2022-10-01
CUST00856,66,Other,Hyderabad,Salaried,Savings,2020-08-10
CUST00857,30,Female,Kolkata,Business,Savings,2021-08-23
CUST00858,50,Male,Kolkata,Salaried,Current,2020-11-04
CUST00859,51,Male,Delhi,Student,Salary,2025-03-23
CUST00860,58,Female,Delhi,Self-Employed,Savings,2026-01-15
CUST00861,52,Female,Ranchi,Retired,Salary,2021-04-02
CUST00862,18,Male,Mumbai,Salaried,Savings,2024-08-23
CUST00863,38,Female,Patna,Business,Savings,2025-04-15
CUST00864,65,Female,Delhi,Salaried,Savings,2025-08-18
CUST00865,23,Male,Delhi,Salaried,Savings,2020-01-23
CUST00866,45,Female,Bangalore,Business,Current,2024-05-01
CUST00867,34,Male,Ranchi,Salaried,Salary,2024-03-23
CUST00868,22,Male,Mumbai,Salaried,Savings,2023-01-15
CUST00869,48,Male,Mumbai,Salaried,Savings,2022-06-27
CUST00870,22,Male,Mumbai,Salaried,Salary,2021-04-11
CUST00871,55,Female,Bangalore,Salaried,Salary,2023-11-08
CUST00872,20,Female,Delhi,Retired,Current,2025-12-01
CUST00873,70,Male,Delhi,Salaried,Savings,2020-07-31
CUST00874,40,Male,Chennai,Salaried,Savings,2021-02-25
CUST00875,54,Female,Mumbai,Business,Current,2024-04-03
CUST00876,70,Female,Bangalore,Salaried,Savings,2022-10-31
CUST00877,54,Male,Patna,Self-Employed,Savings,2021-08-04
CUST00878,27,Female,Mumbai,Self-Employed,Savings,2025-09-24
CUST00879,27,Male,Mumbai,Salaried,Savings,2021-01-16
CUST00880,36,Male,Ranchi,Self-Employed,Salary,2023-09-07
CUST00881,34,Male,Hyderabad,Salaried,Savings,2020-01-07
CUST00882,38,Male,Ahmedabad,Self-Employed,Savings,2022-03-29
CUST00883,31,Male,Mumbai,Student,Salary,2025-01-12
CUST00884,26,Female,Kolkata,Salaried,Savings,2020-07-08
CUST00885,63,Female,Mumbai,Student,Savings,2021-04-13
CUST00886,18,Female,Delhi,Salaried,Salary,2025-05-03
CUST00887,68,Male,Chennai,Self-Employed,Savings,2020-08-10
CUST00888,62,Male,Ahmedabad,Salaried,Savings,2021-10-01
CUST00889,30,Male,Bangalore,Business,Savings,2024-08-15
CUST00890,21,Female,Patna,Salaried,Current,2023-05-07
CUST00891,18,Female,Bangalore,Student,Salary,2020-06-23
CUST00892,66,Male,Pune,Business,Savings,2025-01-01
CUST00893,57,Male,Mumbai,Salaried,Savings,2020-07-15
CUST00894,49,Female,Kolkata,Business,Savings,2022-04-13
CUST00895,51,Male,Hyderabad,Self-Employed,Savings,2020-05-07
CUST00896,45,Male,Pune,Student,Savings,2025-10-02
CUST00897,48,Male,Patna,Business,Savings,2026-01-18
CUST00898,25,Male,Bangalore,Salaried,Salary,2020-05-08
CUST00899,56,Female,Delhi,Business,Savings,2025-10-21
CUST00900,43,Female,Mumbai,Salaried,Savings,2020-09-25
CUST00901,51,Other,Pune,Self-Employed,Savings,2025-02-03
CUST00902,71,Male,Mumbai,Salaried,Savings,2021-10-14
CUST00903,71,Female,Patna,Other / Unspecified,Current,2024-07-05
CUST00904,20,Female,Ranchi,Business,Current,2021-09-07
CUST00905,67,Male,Kolkata,Salaried,Savings,2025-12-05
CUST00906,29,Female,Bangalore,Salaried,Savings,2021-11-09
CUST00907,18,Female,Delhi,Self-Employed,Savings,2024-08-25
CUST00908,71,Female,Chennai,Salaried,Salary,2026-03-03
CUST00909,61,Male,Delhi,Salaried,Current,2021-12-13
CUST00910,22,Female,Ranchi,Self-Employed,Savings,2023-04-27
CUST00911,47,Male,Bangalore,Salaried,Savings,2023-05-10
CUST00912,47,Female,Mumbai,Business,Savings,2025-11-26
CUST00913,34,Male,Kolkata,Self-Employed,Current,2023-08-29
CUST00914,65,Female,Patna,Student,Savings,2020-05-03
CUST00915,64,Female,Bangalore,Salaried,Savings,2020-03-19
CUST00916,40,Male,Delhi,Salaried,Savings,2025-02-17
CUST00917,32,Female,Mumbai,Salaried,Savings,2021-08-26
CUST00918,54,Female,Bangalore,Self-Employed,Savings,2025-10-15
CUST00919,38,Female,Chennai,Salaried,Salary,2025-09-10
CUST00920,31,Female,Pune,Retired,Current,2023-10-20
CUST00921,19,Female,Mumbai,Salaried,Savings,2026-05-03
CUST00922,28,Female,Patna,Self-Employed,Savings,2022-01-23
CUST00923,68,Female,Pune,Salaried,Savings,2025-03-27
CUST00924,56,Female,Mumbai,Salaried,Current,2023-02-02
CUST00925,55,Female,Mumbai,Student,Salary,2020-12-29
CUST00926,51,Male,Delhi,Self-Employed,Current,2020-11-04
CUST00927,55,Male,Mumbai,Self-Employed,Savings,2024-09-12
CUST00928,67,Female,Ahmedabad,Salaried,Savings,2026-01-20
CUST00929,51,Female,Pune,Salaried,Savings,2020-01-09
CUST00930,35,Male,Patna,Student,Savings,2024-09-28
CUST00931,47,Male,Hyderabad,Salaried,Savings,2021-04-05
CUST00932,32,Female,Mumbai,Salaried,Savings,2024-04-25
CUST00933,44,Male,Ahmedabad,Salaried,Savings,2021-03-27
CUST00934,68,Male,Hyderabad,Business,Savings,2021-12-03
CUST00935,51,Male,Delhi,Salaried,Savings,2025-04-18
CUST00936,69,Female,Hyderabad,Other / Unspecified,Salary,2024-07-21
CUST00937,55,Male,Ahmedabad,Student,Savings,2024-05-24
CUST00938,50,Female,Mumbai,Business,Savings,2021-06-26
CUST00939,41,Female,Pune,Retired,Savings,2020-03-04
CUST00940,32,Male,Patna,Self-Employed,Savings,2026-04-02
CUST00941,47,Female,Bangalore,Salaried,Salary,2020-05-15
CUST00942,59,Male,Patna,Other / Unspecified,Savings,2025-12-12
CUST00943,68,Female,Delhi,Freelancer,Current,2021-06-30
CUST00944,34,Female,Mumbai,Salaried,Savings,2020-03-09
CUST00945,22,Male,Pune,Salaried,Savings,2022-09-10
CUST00946,46,Male,Ahmedabad,Self-Employed,Savings,2021-05-06
CUST00947,21,Female,Ranchi,Retired,Savings,2025-02-11
CUST00948,27,Male,Ahmedabad,Retired,Savings,2020-08-20
CUST00949,34,Female,Hyderabad,Freelancer,Savings,2021-12-18
CUST00950,27,Female,Patna,Retired,Savings,2024-09-21
CUST00951,34,Female,Mumbai,Salaried,Savings,2022-03-08
CUST00952,37,Female,Pune,Freelancer,Savings,2022-12-19
CUST00953,41,Female,Mumbai,Business,Savings,2023-02-23
CUST00954,22,Female,Bangalore,Salaried,Savings,2023-01-08
CUST00955,51,Male,Kolkata,Salaried,Savings,2022-06-13
CUST00956,23,Female,Hyderabad,Freelancer,Savings,2023-08-28
CUST00957,70,Male,Patna,Freelancer,Current,2024-04-11
CUST00958,19,Male,Delhi,Salaried,Salary,2022-01-23
CUST00959,30,Male,Mumbai,Business,Savings,2022-11-02
CUST00960,60,Female,Bangalore,Student,Savings,2023-09-30
CUST00961,60,Female,Ranchi,Self-Employed,Salary,2025-11-07
CUST00962,65,Female,Hyderabad,Salaried,Salary,2025-06-07
CUST00963,28,Female,Hyderabad,Salaried,Savings,2020-01-25
CUST00964,68,Female,Delhi,Salaried,Savings,2020-11-28
CUST00965,64,Male,Bangalore,Retired,Savings,2022-01-01
CUST00966,40,Male,Mumbai,Salaried,Savings,2020-02-14
CUST00967,33,Male,Ranchi,Salaried,Salary,2023-04-24
CUST00968,48,Female,Ranchi,Salaried,Savings,2021-08-07
CUST00969,28,Female,Delhi,Salaried,Savings,2023-05-06
CUST00970,71,Female,Chennai,Salaried,Savings,2021-10-26
CUST00971,33,Male,Hyderabad,Salaried,Salary,2024-03-11
CUST00972,25,Male,Mumbai,Business,Current,2022-05-30
CUST00973,21,Female,Kolkata,Student,Savings,2024-07-28
CUST00974,57,Female,Pune,Salaried,Savings,2020-03-17
CUST00975,21,Male,Mumbai,Self-Employed,Salary,2021-01-03
CUST00976,42,Male,Bangalore,Salaried,Savings,2021-10-01
CUST00977,20,Male,Kolkata,Self-Employed,Savings,2022-07-01
CUST00978,49,Female,Delhi,Business,Savings,2025-02-21
CUST00979,20,Male,Patna,Business,Savings,2024-01-31
CUST00980,44,Male,Delhi,Retired,Savings,2022-10-15
CUST00981,46,Male,Ahmedabad,Business,Current,2020-02-06
CUST00982,49,Female,Ranchi,Student,Current,2022-01-18
CUST00983,67,Male,Hyderabad,Business,Savings,2026-03-08
CUST00984,68,Male,Bangalore,Business,Savings,2022-12-26
CUST00985,36,Female,Bangalore,Salaried,Current,2026-05-23
CUST00986,38,Female,Pune,Salaried,Savings,2025-01-22
CUST00987,22,Female,Bangalore,Business,Savings,2024-07-17
CUST00988,35,Male,Mumbai,Salaried,Savings,2020-08-28
CUST00989,45,Female,Kolkata,Business,Current,2022-10-20
CUST00990,59,Male,Patna,Retired,Savings,2024-03-23
CUST00991,39,Male,Bangalore,Student,Savings,2025-01-12
CUST00992,38,Male,Bangalore,Business,Salary,2020-01-04
CUST00993,23,Male,Pune,Salaried,Savings,2021-06-24
CUST00994,18,Male,Delhi,Salaried,Current,2023-04-17
CUST00995,22,Female,Ranchi,Salaried,Current,2022-09-19
CUST00996,58,Male,Mumbai,Other / Unspecified,Salary,2024-03-17
CUST00997,29,Male,Pune,Business,Savings,2023-07-27
CUST00998,43,Male,Patna,Self-Employed,Savings,2021-06-28
CUST00999,63,Female,Delhi,Salaried,Savings,2023-06-16
CUST01000,51,Female,Delhi,Self-Employed,Savings,2020-06-21
CUST01001,66,Male,Mumbai,Business,Salary,2023-12-12
CUST01002,31,Female,Pune,Salaried,Savings,2023-12-24
CUST01003,43,Male,Mumbai,Salaried,Current,2022-06-29
CUST01004,62,Female,Delhi,Student,Savings,2024-10-06
CUST01005,44,Male,Bangalore,Self-Employed,Savings,2022-11-13
CUST01006,26,Male,Chennai,Business,Savings,2025-08-15
CUST01007,43,Male,Bangalore,Retired,Salary,2020-11-20
CUST01008,64,Male,Hyderabad,Self-Employed,Savings,2025-12-22
CUST01009,39,Female,Delhi,Salaried,Salary,2024-12-05
CUST01010,64,Male,Patna,Salaried,Salary,2024-02-13
CUST01011,47,Female,Hyderabad,Salaried,Salary,2023-02-14
CUST01012,60,Female,Bangalore,Salaried,Savings,2020-03-07
CUST01013,65,Female,Pune,Salaried,Savings,2022-09-22
CUST01014,34,Male,Hyderabad,Business,Salary,2024-06-26
CUST01015,43,Female,Kolkata,Salaried,Savings,2023-01-19
CUST01016,53,Male,Delhi,Salaried,Savings,2025-09-20
CUST01017,18,Male,Kolkata,Salaried,Savings,2026-02-17
CUST01018,25,Female,Kolkata,Student,Savings,2021-08-24
CUST01019,66,Male,Patna,Salaried,Current,2021-05-01
CUST01020,52,Female,Bangalore,Freelancer,Salary,2023-12-13
CUST01021,69,Male,Hyderabad,Salaried,Savings,2026-05-23
CUST01022,32,Male,Ranchi,Salaried,Savings,2025-01-24
CUST01023,64,Female,Bangalore,Business,Savings,2025-08-03
CUST01024,39,Male,Mumbai,Student,Savings,2022-10-15
CUST01025,31,Male,Mumbai,Self-Employed,Savings,2025-10-21
CUST01026,43,Female,Mumbai,Salaried,Savings,2024-02-22
CUST01027,45,Male,Pune,Business,Savings,2023-02-06
CUST01028,40,Female,Patna,Salaried,Savings,2024-06-26
CUST01029,31,Male,Delhi,Student,Savings,2024-08-10
CUST01030,41,Male,Delhi,Student,Savings,2021-09-15
CUST01031,19,Male,Delhi,Salaried,Savings,2022-03-20
CUST01032,62,Male,Pune,Salaried,Savings,2021-06-04
CUST01033,43,Female,Bangalore,Self-Employed,Savings,2022-08-03
CUST01034,31,Male,Hyderabad,Salaried,Savings,2024-10-18
CUST01035,68,Male,Bangalore,Self-Employed,Savings,2020-06-06
CUST01036,24,Female,Bangalore,Self-Employed,Current,2024-04-10
CUST01037,20,Male,Bangalore,Freelancer,Salary,2024-07-09
CUST01038,64,Male,Hyderabad,Salaried,Current,2025-03-13
CUST01039,40,Male,Patna,Business,Savings,2025-12-06
CUST01040,63,Male,Mumbai,Salaried,Savings,2024-07-28
CUST01041,60,Female,Ranchi,Salaried,Salary,2023-03-08
CUST01042,64,Male,Hyderabad,Self-Employed,Salary,2020-10-28
CUST01043,62,Female,Chennai,Self-Employed,Savings,2021-06-13
CUST01044,35,Male,Mumbai,Student,Savings,2024-03-07
CUST01045,55,Female,Mumbai,Self-Employed,Current,2023-06-25
CUST01046,52,Male,Mumbai,Salaried,Salary,2026-05-11
CUST01047,68,Male,Hyderabad,Self-Employed,Savings,2025-06-07
CUST01048,32,Male,Pune,Salaried,Savings,2021-12-14
CUST01049,42,Female,Bangalore,Self-Employed,Salary,2021-07-06
CUST01050,54,Male,Hyderabad,Salaried,Current,2020-07-25
CUST01051,45,Female,Mumbai,Business,Savings,2022-11-16
CUST01052,27,Female,Kolkata,Freelancer,Savings,2022-01-31
CUST01053,56,Male,Ranchi,Self-Employed,Savings,2025-11-18
CUST01054,34,Male,Hyderabad,Salaried,Salary,2024-05-03
CUST01055,56,Female,Delhi,Business,Savings,2022-01-25
CUST01056,39,Male,Pune,Salaried,Savings,2021-11-10
CUST01057,43,Male,Patna,Salaried,Savings,2024-08-09
CUST01058,61,Male,Delhi,Retired,Savings,2026-04-27
CUST01059,42,Female,Patna,Self-Employed,Savings,2021-06-11
CUST01060,34,Male,Patna,Salaried,Current,2020-02-15
CUST01061,30,Female,Ranchi,Other / Unspecified,Savings,2024-04-21
CUST01062,37,Male,Kolkata,Business,Salary,2024-09-03
CUST01063,42,Male,Hyderabad,Self-Employed,Savings,2024-06-18
CUST01064,21,Female,Ranchi,Salaried,Savings,2020-10-24
CUST01065,27,Male,Hyderabad,Salaried,Salary,2025-02-01
CUST01066,20,Male,Hyderabad,Salaried,Salary,2026-05-20
CUST01067,58,Female,Ranchi,Self-Employed,Salary,2024-07-29
CUST01068,62,Male,Patna,Salaried,Current,2021-12-25
CUST01069,35,Male,Hyderabad,Retired,Savings,2022-02-13
CUST01070,64,Other,Bangalore,Business,Current,2023-11-13
CUST01071,53,Male,Ranchi,Salaried,Current,2024-03-24
CUST01072,64,Male,Patna,Salaried,Savings,2021-09-24
CUST01073,39,Female,Delhi,Salaried,Savings,2026-02-23
CUST01074,51,Male,Ranchi,Student,Salary,2022-10-12
CUST01075,64,Female,Kolkata,Self-Employed,Current,2022-06-01
CUST01076,25,Female,Hyderabad,Salaried,Savings,2023-08-06
CUST01077,57,Female,Hyderabad,Salaried,Savings,2026-03-14
CUST01078,66,Female,Chennai,Salaried,Savings,2025-05-09
CUST01079,61,Female,Delhi,Salaried,Salary,2024-06-25
CUST01080,36,Male,Pune,Self-Employed,Salary,2026-03-27
CUST01081,59,Male,Delhi,Self-Employed,Current,2025-10-09
CUST01082,58,Male,Mumbai,Salaried,Savings,2025-03-15
CUST01083,54,Male,Patna,Salaried,Savings,2025-07-22
CUST01084,23,Male,Pune,Business,Salary,2025-01-21
CUST01085,69,Male,Chennai,Salaried,Salary,2022-02-06
CUST01086,43,Male,Chennai,Salaried,Savings,2024-03-04
CUST01087,51,Male,Mumbai,Salaried,Salary,2024-11-11
CUST01088,62,Female,Delhi,Business,Salary,2020-02-20
CUST01089,23,Male,Bangalore,Self-Employed,Salary,2023-05-18
CUST01090,54,Male,Hyderabad,Salaried,Salary,2021-05-12
CUST01091,50,Female,Delhi,Salaried,Salary,2022-10-08
CUST01092,70,Male,Bangalore,Freelancer,Savings,2022-11-09
CUST01093,39,Female,Patna,Business,Savings,2025-11-21
CUST01094,38,Male,Bangalore,Salaried,Current,2021-12-08
CUST01095,23,Male,Ranchi,Student,Savings,2020-07-19
CUST01096,23,Female,Delhi,Student,Salary,2025-11-13
CUST01097,65,Female,Delhi,Business,Savings,2022-10-27
CUST01098,21,Female,Delhi,Self-Employed,Savings,2022-10-08
CUST01099,47,Female,Pune,Self-Employed,Salary,2021-01-26
CUST01100,28,Female,Bangalore,Salaried,Savings,2023-09-02
CUST01101,47,Male,Ahmedabad,Salaried,Savings,2022-03-30
CUST01102,48,Male,Patna,Salaried,Savings,2025-12-02
CUST01103,41,Male,Delhi,Freelancer,Savings,2022-02-15
CUST01104,26,Female,Bangalore,Self-Employed,Savings,2020-12-12
CUST01105,20,Female,Kolkata,Retired,Savings,2021-09-25
CUST01106,68,Female,Mumbai,Salaried,Salary,2021-05-31
CUST01107,48,Female,Bangalore,Freelancer,Savings,2024-07-06
CUST01108,57,Female,Mumbai,Salaried,Savings,2020-02-10
CUST01109,54,Female,Chennai,Retired,Savings,2020-04-30
CUST01110,53,Male,Delhi,Business,Savings,2020-01-19
CUST01111,41,Female,Mumbai,Salaried,Savings,2020-09-29
CUST01112,48,Male,Mumbai,Salaried,Salary,2023-04-01
CUST01113,23,Female,Delhi,Freelancer,Salary,2023-05-03
CUST01114,19,Male,Delhi,Salaried,Savings,2020-07-22
CUST01115,37,Male,Patna,Business,Savings,2025-03-25
CUST01116,45,Female,Ahmedabad,Retired,Savings,2024-06-21
CUST01117,28,Male,Patna,Student,Savings,2021-08-24
CUST01118,21,Female,Patna,Salaried,Savings,2020-10-02
CUST01119,32,Female,Patna,Salaried,Savings,2023-06-03
CUST01120,23,Female,Hyderabad,Salaried,Savings,2022-07-18
CUST01121,71,Female,Kolkata,Salaried,Salary,2020-05-18
CUST01122,66,Female,Bangalore,Salaried,Current,2023-03-10
CUST01123,47,Female,Ranchi,Self-Employed,Savings,2026-04-29
CUST01124,55,Female,Mumbai,Student,Current,2020-10-16
CUST01125,68,Female,Patna,Salaried,Savings,2022-06-10
CUST01126,19,Male,Delhi,Business,Savings,2023-05-15
CUST01127,32,Female,Bangalore,Salaried,Salary,2021-04-29
CUST01128,28,Female,Mumbai,Self-Employed,Savings,2020-03-09
CUST01129,25,Male,Ahmedabad,Business,Current,2022-04-16
CUST01130,43,Male,Mumbai,Salaried,Savings,2025-10-16
CUST01131,68,Female,Bangalore,Business,Salary,2026-06-12
CUST01132,62,Male,Delhi,Business,Current,2025-07-23
CUST01133,61,Male,Pune,Salaried,Salary,2023-08-09
CUST01134,22,Male,Delhi,Business,Current,2021-09-15
CUST01135,23,Female,Ranchi,Self-Employed,Savings,2026-02-04
CUST01136,43,Female,Pune,Retired,Savings,2025-04-09
CUST01137,71,Male,Mumbai,Business,Savings,2021-06-26
CUST01138,21,Male,Kolkata,Salaried,Current,2020-05-15
CUST01139,36,Female,Delhi,Salaried,Savings,2026-01-21
CUST01140,37,Male,Ahmedabad,Salaried,Current,2024-11-15
CUST01141,50,Female,Bangalore,Salaried,Current,2023-09-02
CUST01142,37,Male,Patna,Salaried,Savings,2024-04-20
CUST01143,66,Male,Mumbai,Salaried,Savings,2023-05-02
CUST01144,29,Male,Kolkata,Self-Employed,Savings,2021-10-16
CUST01145,64,Male,Patna,Freelancer,Salary,2021-07-08
CUST01146,18,Female,Patna,Salaried,Savings,2023-04-30
CUST01147,43,Female,Mumbai,Salaried,Savings,2020-02-16
CUST01148,31,Female,Bangalore,Salaried,Savings,2023-09-11
CUST01149,55,Male,Patna,Salaried,Salary,2021-09-11
CUST01150,54,Male,Chennai,Salaried,Current,2020-08-15
CUST01151,28,Male,Ahmedabad,Salaried,Savings,2025-10-25
CUST01152,53,Female,Ranchi,Business,Savings,2022-01-18
CUST01153,30,Female,Ahmedabad,Student,Savings,2022-08-14
CUST01154,60,Male,Mumbai,Self-Employed,Savings,2023-10-11
CUST01155,20,Female,Bangalore,Self-Employed,Salary,2022-08-08
CUST01156,50,Male,Ahmedabad,Salaried,Savings,2020-05-06
CUST01157,23,Male,Patna,Salaried,Salary,2026-05-24
CUST01158,67,Male,Hyderabad,Retired,Current,2025-06-07
CUST01159,27,Female,Hyderabad,Salaried,Savings,2024-10-13
CUST01160,22,Male,Delhi,Salaried,Savings,2024-10-19
CUST01161,40,Male,Kolkata,Salaried,Savings,2021-02-23
CUST01162,27,Male,Bangalore,Other / Unspecified,Salary,2022-12-05
CUST01163,61,Female,Delhi,Self-Employed,Salary,2026-04-07
CUST01164,19,Male,Hyderabad,Business,Current,2024-06-29
CUST01165,30,Female,Kolkata,Salaried,Savings,2021-05-27
CUST01166,57,Male,Mumbai,Business,Savings,2026-05-17
CUST01167,19,Male,Mumbai,Business,Savings,2026-02-11
CUST01168,37,Female,Bangalore,Salaried,Savings,2020-05-19
CUST01169,18,Male,Mumbai,Salaried,Savings,2024-02-24
CUST01170,54,Male,Mumbai,Student,Savings,2024-07-05
CUST01171,26,Male,Delhi,Freelancer,Savings,2025-12-27
CUST01172,34,Male,Hyderabad,Self-Employed,Savings,2021-06-23
CUST01173,26,Male,Patna,Self-Employed,Savings,2020-01-18
CUST01174,28,Male,Delhi,Salaried,Savings,2020-12-14
CUST01175,32,Male,Bangalore,Salaried,Savings,2025-04-24
CUST01176,41,Female,Bangalore,Freelancer,Savings,2024-02-01
CUST01177,55,Male,Patna,Salaried,Savings,2022-10-04
CUST01178,52,Male,Patna,Salaried,Savings,2020-01-12
CUST01179,47,Female,Ranchi,Salaried,Salary,2025-01-11
CUST01180,48,Male,Ranchi,Business,Savings,2024-07-31
CUST01181,66,Female,Kolkata,Salaried,Current,2024-08-02
CUST01182,22,Female,Ahmedabad,Self-Employed,Salary,2021-02-15
CUST01183,61,Male,Mumbai,Salaried,Savings,2025-11-25
CUST01184,67,Female,Kolkata,Salaried,Savings,2024-10-29
CUST01185,31,Male,Delhi,Salaried,Savings,2026-05-31
CUST01186,70,Male,Bangalore,Freelancer,Savings,2023-09-26
CUST01187,28,Female,Patna,Salaried,Savings,2025-05-21
CUST01188,26,Female,Ranchi,Freelancer,Current,2021-09-18
CUST01189,51,Female,Hyderabad,Self-Employed,Savings,2023-04-04
CUST01190,29,Female,Hyderabad,Self-Employed,Savings,2020-01-28
CUST01191,52,Female,Hyderabad,Salaried,Savings,2023-06-22
CUST01192,52,Male,Delhi,Retired,Savings,2022-10-12
CUST01193,18,Male,Kolkata,Salaried,Savings,2023-06-12
CUST01194,57,Male,Bangalore,Self-Employed,Salary,2025-07-03
CUST01195,39,Male,Delhi,Student,Savings,2022-11-21
CUST01196,46,Female,Mumbai,Salaried,Savings,2021-05-08
CUST01197,25,Female,Pune,Salaried,Savings,2021-10-31
CUST01198,28,Female,Bangalore,Freelancer,Salary,2023-07-26
CUST01199,58,Female,Chennai,Self-Employed,Current,2022-07-12
CUST01200,54,Male,Ranchi,Salaried,Savings,2020-10-24
CUST01201,31,Female,Mumbai,Salaried,Savings,2022-03-06
CUST01202,47,Male,Pune,Business,Savings,2025-05-28
CUST01203,52,Female,Mumbai,Business,Savings,2023-07-17
CUST01204,38,Male,Mumbai,Salaried,Savings,2024-07-15
CUST01205,54,Male,Mumbai,Salaried,Savings,2021-02-01
CUST01206,22,Male,Mumbai,Business,Savings,2020-02-22
CUST01207,36,Male,Ranchi,Salaried,Salary,2020-07-31
CUST01208,31,Male,Bangalore,Self-Employed,Savings,2025-07-25
CUST01209,43,Male,Pune,Salaried,Current,2025-06-30
CUST01210,21,Male,Delhi,Salaried,Current,2025-07-24
CUST01211,42,Male,Kolkata,Salaried,Savings,2022-03-15
CUST01212,62,Male,Bangalore,Retired,Current,2021-11-25
CUST01213,59,Female,Patna,Freelancer,Savings,2020-10-27
CUST01214,42,Male,Kolkata,Business,Salary,2025-07-25
CUST01215,35,Female,Mumbai,Salaried,Salary,2023-12-03
CUST01216,57,Female,Patna,Self-Employed,Salary,2020-09-11
CUST01217,25,Female,Kolkata,Salaried,Current,2022-07-13
CUST01218,56,Male,Kolkata,Student,Savings,2024-09-12
CUST01219,57,Male,Kolkata,Self-Employed,Savings,2020-12-18
CUST01220,31,Male,Bangalore,Self-Employed,Current,2026-06-15
CUST01221,49,Female,Mumbai,Student,Salary,2022-01-04
CUST01222,68,Female,Pune,Salaried,Savings,2020-07-03
CUST01223,55,Female,Bangalore,Retired,Salary,2021-08-23
CUST01224,50,Male,Mumbai,Salaried,Savings,2023-09-28
CUST01225,40,Female,Bangalore,Salaried,Savings,2020-10-17
CUST01226,32,Male,Ahmedabad,Self-Employed,Savings,2022-03-23
CUST01227,50,Female,Bangalore,Salaried,Savings,2025-10-13
CUST01228,42,Female,Mumbai,Self-Employed,Savings,2025-06-06
CUST01229,34,Male,Ahmedabad,Salaried,Salary,2022-03-03
CUST01230,50,Female,Mumbai,Retired,Savings,2022-05-10
CUST01231,64,Female,Ranchi,Salaried,Savings,2025-02-25
CUST01232,19,Female,Ranchi,Business,Salary,2020-06-14
CUST01233,31,Female,Hyderabad,Freelancer,Savings,2022-02-16
CUST01234,70,Female,Mumbai,Salaried,Savings,2023-05-06
CUST01235,57,Female,Hyderabad,Self-Employed,Savings,2022-01-23
CUST01236,57,Male,Ranchi,Self-Employed,Savings,2023-04-18
CUST01237,68,Male,Pune,Salaried,Savings,2023-06-25
CUST01238,56,Male,Mumbai,Self-Employed,Savings,2023-01-31
CUST01239,68,Male,Patna,Freelancer,Savings,2025-01-11
CUST01240,23,Male,Mumbai,Self-Employed,Savings,2023-03-19
CUST01241,23,Male,Mumbai,Business,Savings,2026-03-02
CUST01242,20,Male,Mumbai,Retired,Savings,2020-01-01
CUST01243,24,Male,Kolkata,Salaried,Savings,2023-01-14
CUST01244,68,Male,Delhi,Salaried,Savings,2025-07-13
CUST01245,25,Male,Kolkata,Self-Employed,Savings,2024-11-01
CUST01246,59,Female,Bangalore,Self-Employed,Current,2020-04-15
CUST01247,69,Male,Pune,Salaried,Savings,2024-12-23
CUST01248,32,Female,Ranchi,Salaried,Salary,2025-12-29
CUST01249,64,Female,Delhi,Business,Current,2024-08-30
CUST01250,46,Female,Mumbai,Retired,Current,2021-06-11
CUST01251,50,Male,Ranchi,Business,Savings,2022-07-12
CUST01252,69,Male,Mumbai,Self-Employed,Savings,2023-07-15
CUST01253,47,Female,Mumbai,Student,Savings,2020-09-26
CUST01254,56,Female,Pune,Student,Current,2020-01-22
CUST01255,44,Female,Bangalore,Salaried,Savings,2025-04-10
CUST01256,53,Male,Pune,Salaried,Savings,2024-08-20
CUST01257,46,Female,Delhi,Student,Salary,2023-08-09
CUST01258,55,Female,Kolkata,Salaried,Current,2020-11-08
CUST01259,50,Male,Bangalore,Retired,Salary,2020-10-19
CUST01260,54,Male,Ahmedabad,Retired,Savings,2025-04-14
CUST01261,44,Male,Mumbai,Salaried,Savings,2020-05-19
CUST01262,50,Male,Mumbai,Salaried,Savings,2026-04-01
CUST01263,21,Male,Bangalore,Retired,Savings,2024-01-03
CUST01264,39,Female,Hyderabad,Salaried,Savings,2021-01-02
CUST01265,19,Male,Patna,Self-Employed,Savings,2025-06-02
CUST01266,27,Female,Kolkata,Salaried,Salary,2022-09-05
CUST01267,22,Male,Mumbai,Self-Employed,Current,2021-11-12
CUST01268,27,Male,Bangalore,Freelancer,Salary,2026-01-13
CUST01269,50,Male,Hyderabad,Business,Savings,2023-11-22
CUST01270,71,Male,Mumbai,Freelancer,Salary,2020-11-17
CUST01271,55,Male,Bangalore,Self-Employed,Savings,2023-01-02
CUST01272,30,Male,Mumbai,Salaried,Salary,2023-12-11
CUST01273,48,Male,Mumbai,Self-Employed,Savings,2024-04-19
CUST01274,64,Male,Bangalore,Salaried,Savings,2022-02-27
CUST01275,53,Male,Pune,Retired,Savings,2022-11-13
CUST01276,62,Male,Hyderabad,Salaried,Salary,2020-05-31
CUST01277,41,Male,Pune,Self-Employed,Savings,2020-10-27
CUST01278,69,Female,Bangalore,Freelancer,Salary,2026-04-05
CUST01279,32,Female,Delhi,Salaried,Savings,2023-12-21
CUST01280,46,Female,Ranchi,Salaried,Savings,2025-09-15
CUST01281,25,Male,Ahmedabad,Business,Savings,2020-01-06
CUST01282,22,Male,Mumbai,Student,Salary,2023-11-11
CUST01283,46,Female,Delhi,Freelancer,Savings,2023-11-19
CUST01284,64,Male,Hyderabad,Student,Savings,2026-02-08
CUST01285,21,Female,Patna,Salaried,Salary,2020-11-19
CUST01286,29,Female,Pune,Salaried,Savings,2021-01-25
CUST01287,62,Female,Patna,Salaried,Savings,2023-08-07
CUST01288,19,Female,Mumbai,Business,Savings,2025-01-24
CUST01289,44,Male,Ranchi,Salaried,Savings,2022-12-03
CUST01290,48,Female,Hyderabad,Business,Current,2023-01-16
CUST01291,68,Male,Mumbai,Self-Employed,Savings,2024-05-26
CUST01292,68,Male,Delhi,Self-Employed,Savings,2024-02-07
CUST01293,53,Female,Hyderabad,Salaried,Current,2022-10-16
CUST01294,53,Female,Kolkata,Self-Employed,Current,2021-04-24
CUST01295,43,Male,Delhi,Business,Savings,2024-06-19
CUST01296,60,Female,Hyderabad,Salaried,Current,2020-07-11
CUST01297,44,Female,Mumbai,Salaried,Savings,2025-07-07
CUST01298,22,Male,Bangalore,Student,Savings,2025-04-20
CUST01299,37,Male,Delhi,Business,Current,2020-01-12
CUST01300,28,Female,Mumbai,Salaried,Savings,2020-07-26
CUST01301,27,Female,Bangalore,Business,Current,2023-03-13
CUST01302,57,Female,Mumbai,Self-Employed,Savings,2020-02-16
CUST01303,55,Female,Hyderabad,Self-Employed,Savings,2022-10-03
CUST01304,23,Female,Delhi,Salaried,Savings,2020-02-21
CUST01305,25,Female,Ranchi,Salaried,Current,2023-06-29
CUST01306,40,Male,Kolkata,Salaried,Savings,2023-07-30
CUST01307,64,Female,Pune,Salaried,Salary,2023-06-30
CUST01308,43,Male,Bangalore,Student,Savings,2021-04-25
CUST01309,63,Male,Delhi,Business,Current,2026-01-19
CUST01310,60,Male,Ahmedabad,Salaried,Salary,2023-02-05
CUST01311,29,Male,Hyderabad,Salaried,Savings,2020-03-16
CUST01312,43,Male,Mumbai,Salaried,Savings,2022-10-15
CUST01313,30,Female,Chennai,Salaried,Savings,2026-02-14
CUST01314,57,Male,Bangalore,Retired,Current,2021-09-04
CUST01315,35,Male,Bangalore,Business,Savings,2021-12-30
CUST01316,42,Male,Hyderabad,Salaried,Savings,2020-11-29
CUST01317,50,Male,Mumbai,Salaried,Savings,2026-01-19
CUST01318,64,Female,Bangalore,Self-Employed,Savings,2020-04-08
CUST01319,57,Male,Bangalore,Salaried,Savings,2022-05-06
CUST01320,60,Female,Bangalore,Retired,Savings,2024-04-16
CUST01321,29,Female,Mumbai,Self-Employed,Savings,2024-05-31
CUST01322,61,Female,Patna,Salaried,Savings,2021-10-18
CUST01323,53,Male,Delhi,Salaried,Current,2020-06-12
CUST01324,65,Male,Kolkata,Salaried,Savings,2022-09-04
CUST01325,21,Female,Delhi,Salaried,Savings,2025-10-05
CUST01326,22,Male,Mumbai,Business,Savings,2024-03-02
CUST01327,54,Male,Mumbai,Business,Savings,2026-02-06
CUST01328,25,Male,Hyderabad,Self-Employed,Savings,2026-03-21
CUST01329,59,Female,Ranchi,Self-Employed,Savings,2024-06-23
CUST01330,66,Female,Delhi,Business,Savings,2023-02-15
CUST01331,45,Female,Mumbai,Salaried,Savings,2020-03-27
CUST01332,48,Male,Hyderabad,Salaried,Salary,2024-12-26
CUST01333,26,Male,Kolkata,Salaried,Current,2025-12-27
CUST01334,71,Male,Delhi,Salaried,Current,2026-01-22
CUST01335,68,Female,Bangalore,Salaried,Savings,2020-02-20
CUST01336,46,Male,Mumbai,Salaried,Savings,2021-09-12
CUST01337,31,Male,Patna,Retired,Savings,2024-05-23
CUST01338,57,Male,Delhi,Salaried,Savings,2023-08-10
CUST01339,58,Female,Delhi,Self-Employed,Current,2021-10-06
CUST01340,39,Male,Hyderabad,Self-Employed,Savings,2023-10-16
CUST01341,28,Male,Mumbai,Salaried,Savings,2021-01-05
CUST01342,40,Male,Bangalore,Salaried,Current,2024-04-14
CUST01343,18,Female,Mumbai,Business,Savings,2023-03-03
CUST01344,63,Male,Kolkata,Business,Savings,2024-11-26
CUST01345,54,Female,Ranchi,Salaried,Savings,2022-04-26
CUST01346,38,Male,Delhi,Salaried,Current,2022-04-14
CUST01347,43,Female,Patna,Salaried,Savings,2022-08-27
CUST01348,63,Other,Delhi,Self-Employed,Salary,2023-11-04
CUST01349,53,Male,Hyderabad,Salaried,Savings,2024-09-06
CUST01350,71,Male,Kolkata,Salaried,Current,2021-06-25
CUST01351,40,Male,Delhi,Salaried,Savings,2022-03-30
CUST01352,18,Male,Pune,Self-Employed,Savings,2020-08-15
CUST01353,71,Female,Ahmedabad,Salaried,Savings,2022-02-16
CUST01354,68,Female,Mumbai,Business,Current,2025-04-02
CUST01355,57,Female,Ranchi,Business,Salary,2023-05-13
CUST01356,32,Male,Pune,Freelancer,Savings,2022-12-15
CUST01357,38,Male,Patna,Salaried,Savings,2020-03-25
CUST01358,64,Female,Bangalore,Self-Employed,Salary,2025-08-22
CUST01359,26,Female,Pune,Salaried,Savings,2025-09-08
CUST01360,70,Female,Pune,Salaried,Current,2020-08-06
CUST01361,26,Male,Mumbai,Salaried,Salary,2024-11-04
CUST01362,27,Female,Mumbai,Student,Current,2025-06-19
CUST01363,69,Female,Kolkata,Salaried,Salary,2020-06-23
CUST01364,70,Male,Patna,Salaried,Savings,2025-09-01
CUST01365,43,Female,Chennai,Student,Savings,2026-04-06
CUST01366,58,Male,Hyderabad,Self-Employed,Current,2025-06-01
CUST01367,52,Female,Patna,Salaried,Savings,2020-06-23
CUST01368,69,Male,Patna,Self-Employed,Savings,2021-11-19
CUST01369,42,Male,Hyderabad,Salaried,Savings,2020-06-17
CUST01370,43,Female,Chennai,Retired,Savings,2021-04-26
CUST01371,28,Male,Bangalore,Salaried,Savings,2021-01-14
CUST01372,55,Male,Hyderabad,Retired,Savings,2026-01-24
CUST01373,19,Male,Chennai,Salaried,Current,2023-03-01
CUST01374,24,Male,Chennai,Salaried,Current,2022-06-29
CUST01375,35,Male,Delhi,Salaried,Savings,2020-11-19
CUST01376,44,Male,Pune,Salaried,Savings,2021-01-11
CUST01377,51,Male,Delhi,Business,Savings,2022-03-28
CUST01378,44,Other,Patna,Business,Savings,2021-08-17
CUST01379,34,Male,Hyderabad,Self-Employed,Salary,2024-05-15
CUST01380,60,Male,Mumbai,Salaried,Current,2024-03-30
CUST01381,61,Female,Bangalore,Self-Employed,Savings,2021-02-14
CUST01382,68,Female,Mumbai,Retired,Salary,2021-01-29
CUST01383,71,Female,Hyderabad,Retired,Current,2023-10-05
CUST01384,41,Female,Delhi,Student,Savings,2026-01-09
CUST01385,42,Male,Mumbai,Student,Savings,2023-02-03
CUST01386,24,Male,Patna,Business,Current,2026-03-17
CUST01387,69,Female,Delhi,Self-Employed,Savings,2023-10-18
CUST01388,23,Female,Ahmedabad,Salaried,Savings,2026-04-16
CUST01389,70,Male,Mumbai,Salaried,Savings,2020-07-11
CUST01390,41,Female,Delhi,Business,Savings,2023-11-05
CUST01391,50,Male,Bangalore,Salaried,Current,2021-10-29
CUST01392,66,Male,Bangalore,Salaried,Savings,2024-06-23
CUST01393,46,Male,Mumbai,Salaried,Savings,2022-09-14
CUST01394,60,Male,Chennai,Salaried,Salary,2022-02-02
CUST01395,39,Female,Mumbai,Self-Employed,Savings,2021-05-03
CUST01396,43,Male,Mumbai,Self-Employed,Salary,2021-04-01
CUST01397,45,Female,Kolkata,Business,Savings,2024-07-09
CUST01398,67,Male,Ahmedabad,Student,Savings,2020-05-12
CUST01399,38,Male,Pune,Freelancer,Savings,2023-04-24
CUST01400,66,Male,Chennai,Salaried,Savings,2025-02-05
CUST01401,24,Male,Mumbai,Self-Employed,Current,2021-10-12
CUST01402,34,Male,Kolkata,Salaried,Salary,2021-08-24
CUST01403,37,Male,Hyderabad,Salaried,Savings,2020-03-15
CUST01404,58,Female,Ranchi,Business,Savings,2023-07-08
CUST01405,66,Male,Ahmedabad,Business,Savings,2022-07-14
CUST01406,37,Male,Bangalore,Business,Savings,2025-04-10
CUST01407,71,Female,Pune,Salaried,Current,2020-01-29
CUST01408,39,Female,Kolkata,Business,Salary,2025-05-03
CUST01409,45,Male,Chennai,Self-Employed,Savings,2025-05-09
CUST01410,57,Male,Kolkata,Salaried,Salary,2023-01-21
CUST01411,66,Male,Hyderabad,Self-Employed,Savings,2024-01-28
CUST01412,24,Male,Delhi,Self-Employed,Savings,2023-02-14
CUST01413,18,Male,Bangalore,Salaried,Salary,2023-04-28
CUST01414,49,Female,Delhi,Salaried,Savings,2025-05-21
CUST01415,30,Male,Chennai,Student,Current,2020-08-20
CUST01416,47,Male,Mumbai,Salaried,Savings,2025-12-18
CUST01417,40,Female,Hyderabad,Retired,Salary,2021-07-17
CUST01418,68,Male,Patna,Self-Employed,Savings,2022-03-16
CUST01419,36,Female,Pune,Salaried,Salary,2020-11-23
CUST01420,49,Male,Pune,Salaried,Savings,2024-12-22
CUST01421,47,Male,Mumbai,Self-Employed,Savings,2020-09-17
CUST01422,46,Male,Pune,Self-Employed,Savings,2023-03-30
CUST01423,66,Other,Mumbai,Self-Employed,Salary,2024-05-18
CUST01424,62,Female,Ahmedabad,Self-Employed,Savings,2020-10-27
CUST01425,46,Male,Delhi,Business,Current,2026-06-02
CUST01426,47,Male,Patna,Salaried,Salary,2023-10-20
CUST01427,33,Female,Hyderabad,Self-Employed,Savings,2022-09-25
CUST01428,57,Other,Delhi,Salaried,Savings,2026-06-19
CUST01429,36,Male,Delhi,Salaried,Savings,2023-01-20
CUST01430,35,Male,Pune,Salaried,Current,2024-09-21
CUST01431,18,Female,Pune,Salaried,Savings,2025-06-13
CUST01432,31,Male,Bangalore,Self-Employed,Savings,2024-05-06
CUST01433,68,Female,Pune,Salaried,Savings,2024-07-29
CUST01434,64,Female,Hyderabad,Self-Employed,Savings,2021-06-25
CUST01435,67,Female,Mumbai,Self-Employed,Savings,2024-07-26
CUST01436,19,Female,Ranchi,Self-Employed,Current,2022-01-06
CUST01437,71,Male,Pune,Student,Savings,2022-10-13
CUST01438,45,Male,Hyderabad,Salaried,Savings,2023-08-31
CUST01439,66,Male,Chennai,Retired,Salary,2026-06-18
CUST01440,67,Female,Mumbai,Business,Savings,2024-03-19
CUST01441,47,Male,Mumbai,Salaried,Savings,2020-01-12
CUST01442,55,Female,Pune,Student,Savings,2024-01-28
CUST01443,68,Male,Kolkata,Self-Employed,Savings,2022-08-08
CUST01444,21,Female,Pune,Self-Employed,Savings,2020-02-25
CUST01445,18,Female,Hyderabad,Salaried,Savings,2021-07-18
CUST01446,25,Female,Hyderabad,Business,Savings,2024-04-23
CUST01447,46,Male,Kolkata,Self-Employed,Current,2020-10-28
CUST01448,56,Female,Bangalore,Self-Employed,Savings,2025-12-29
CUST01449,20,Male,Mumbai,Salaried,Salary,2023-05-18
CUST01450,49,Male,Bangalore,Self-Employed,Savings,2020-03-08
CUST01451,27,Male,Hyderabad,Self-Employed,Current,2021-06-15
CUST01452,27,Male,Hyderabad,Freelancer,Salary,2024-03-11
CUST01453,36,Male,Mumbai,Salaried,Savings,2025-06-14
CUST01454,63,Female,Ranchi,Student,Current,2026-03-25
CUST01455,51,Male,Ranchi,Salaried,Savings,2025-01-10
CUST01456,50,Other,Kolkata,Salaried,Savings,2020-01-25
CUST01457,40,Male,Bangalore,Self-Employed,Savings,2022-06-04
CUST01458,45,Male,Hyderabad,Salaried,Current,2024-05-09
CUST01459,49,Female,Patna,Salaried,Savings,2025-10-18
CUST01460,67,Male,Mumbai,Freelancer,Savings,2024-07-01
CUST01461,24,Male,Bangalore,Retired,Savings,2020-07-17
CUST01462,46,Female,Mumbai,Self-Employed,Salary,2023-09-16
CUST01463,25,Female,Patna,Salaried,Savings,2020-07-31
CUST01464,18,Male,Delhi,Freelancer,Salary,2024-05-30
CUST01465,20,Male,Bangalore,Self-Employed,Savings,2022-08-26
CUST01466,41,Male,Ahmedabad,Salaried,Current,2020-06-19
CUST01467,40,Female,Hyderabad,Salaried,Savings,2024-06-10
CUST01468,25,Female,Hyderabad,Salaried,Current,2024-06-09
CUST01469,71,Female,Pune,Salaried,Savings,2022-09-04
CUST01470,64,Male,Kolkata,Retired,Current,2024-11-12
CUST01471,54,Female,Hyderabad,Salaried,Salary,2020-02-04
CUST01472,20,Male,Mumbai,Self-Employed,Current,2024-02-28
CUST01473,68,Male,Mumbai,Self-Employed,Savings,2020-06-29
CUST01474,50,Female,Hyderabad,Salaried,Salary,2021-06-13
CUST01475,45,Male,Delhi,Business,Savings,2025-12-14
CUST01476,64,Female,Kolkata,Business,Savings,2020-12-25
CUST01477,25,Female,Hyderabad,Salaried,Current,2024-10-22
CUST01478,51,Male,Hyderabad,Other / Unspecified,Current,2022-12-25
CUST01479,52,Female,Delhi,Salaried,Savings,2020-02-02
CUST01480,49,Female,Mumbai,Self-Employed,Savings,2026-02-10
CUST01481,41,Male,Delhi,Salaried,Savings,2021-05-09
CUST01482,31,Male,Pune,Salaried,Current,2020-02-14
CUST01483,49,Male,Chennai,Self-Employed,Savings,2022-06-05
CUST01484,63,Female,Pune,Self-Employed,Savings,2020-06-28
CUST01485,60,Male,Delhi,Salaried,Salary,2021-04-29
CUST01486,33,Female,Chennai,Salaried,Savings,2021-11-06
CUST01487,21,Male,Chennai,Business,Savings,2020-08-28
CUST01488,69,Female,Kolkata,Business,Savings,2022-08-29
CUST01489,54,Male,Bangalore,Student,Savings,2020-04-28
CUST01490,71,Male,Pune,Self-Employed,Savings,2021-08-09
CUST01491,38,Female,Ahmedabad,Salaried,Current,2024-02-03
CUST01492,31,Male,Delhi,Freelancer,Current,2021-07-08
CUST01493,48,Other,Kolkata,Freelancer,Savings,2020-04-05
CUST01494,65,Male,Delhi,Business,Salary,2022-12-10
CUST01495,35,Other,Mumbai,Business,Savings,2023-10-20
CUST01496,24,Female,Mumbai,Business,Savings,2021-10-09
CUST01497,27,Male,Delhi,Salaried,Savings,2022-03-30
CUST01498,24,Female,Patna,Retired,Savings,2025-02-27
CUST01499,50,Male,Mumbai,Self-Employed,Savings,2024-02-28
CUST01500,40,Female,Chennai,Student,Savings,2026-05-17
CUST01501,38,Female,Patna,Salaried,Savings,2025-03-29
CUST01502,36,Female,Kolkata,Salaried,Savings,2024-02-10
CUST01503,65,Male,Mumbai,Salaried,Current,2022-08-05
CUST01504,36,Female,Pune,Salaried,Savings,2021-04-04
CUST01505,53,Female,Mumbai,Business,Current,2026-06-11
CUST01506,46,Male,Kolkata,Salaried,Savings,2022-02-03
CUST01507,35,Male,Patna,Salaried,Savings,2024-05-26
CUST01508,19,Female,Kolkata,Salaried,Savings,2020-06-19
CUST01509,18,Male,Delhi,Other / Unspecified,Savings,2020-07-21
CUST01510,64,Male,Pune,Business,Salary,2025-12-24
CUST01511,22,Female,Hyderabad,Salaried,Salary,2024-10-28
CUST01512,37,Female,Delhi,Freelancer,Savings,2020-06-25
CUST01513,28,Female,Bangalore,Salaried,Salary,2021-06-28
CUST01514,59,Female,Patna,Student,Salary,2025-03-13
CUST01515,19,Male,Pune,Freelancer,Current,2023-11-29
CUST01516,20,Female,Bangalore,Business,Current,2025-07-12
CUST01517,40,Female,Ahmedabad,Salaried,Savings,2023-04-24
CUST01518,29,Male,Delhi,Business,Current,2023-08-10
CUST01519,37,Male,Kolkata,Salaried,Savings,2022-11-21
CUST01520,22,Female,Mumbai,Business,Savings,2023-01-24
CUST01521,54,Male,Mumbai,Salaried,Savings,2021-07-15
CUST01522,55,Male,Patna,Salaried,Salary,2020-06-28
CUST01523,47,Female,Delhi,Salaried,Salary,2023-07-30
CUST01524,26,Male,Delhi,Business,Savings,2023-03-16
CUST01525,51,Male,Bangalore,Other / Unspecified,Savings,2026-03-30
CUST01526,70,Female,Pune,Self-Employed,Savings,2023-02-27
CUST01527,61,Male,Mumbai,Salaried,Salary,2023-03-14
CUST01528,52,Male,Kolkata,Salaried,Salary,2023-09-11
CUST01529,69,Male,Mumbai,Self-Employed,Savings,2022-07-11
CUST01530,39,Other,Ranchi,Student,Savings,2025-10-05
CUST01531,61,Male,Patna,Salaried,Salary,2021-01-05
CUST01532,41,Female,Mumbai,Salaried,Savings,2021-05-24
CUST01533,34,Male,Kolkata,Salaried,Savings,2026-04-02
CUST01534,27,Male,Kolkata,Self-Employed,Savings,2020-03-07
CUST01535,47,Female,Kolkata,Business,Savings,2026-04-17
CUST01536,63,Male,Kolkata,Self-Employed,Savings,2021-05-09
CUST01537,40,Female,Hyderabad,Freelancer,Savings,2026-02-22
CUST01538,49,Male,Delhi,Salaried,Current,2024-05-13
CUST01539,34,Male,Patna,Business,Savings,2023-11-25
CUST01540,67,Female,Ranchi,Business,Savings,2023-12-06
CUST01541,68,Female,Mumbai,Retired,Current,2025-12-08
CUST01542,34,Male,Delhi,Self-Employed,Current,2022-05-15
CUST01543,31,Male,Pune,Salaried,Salary,2023-03-06
CUST01544,26,Male,Ahmedabad,Self-Employed,Current,2023-03-05
CUST01545,57,Male,Chennai,Salaried,Savings,2023-09-14
CUST01546,19,Female,Ahmedabad,Salaried,Savings,2024-06-18
CUST01547,62,Female,Bangalore,Self-Employed,Savings,2024-07-21
CUST01548,42,Female,Hyderabad,Salaried,Savings,2021-10-04
CUST01549,56,Female,Ranchi,Salaried,Savings,2021-11-18
CUST01550,26,Female,Delhi,Retired,Current,2024-02-28
CUST01551,71,Female,Bangalore,Salaried,Salary,2021-09-03
CUST01552,39,Male,Delhi,Salaried,Current,2021-05-20
CUST01553,60,Male,Mumbai,Business,Salary,2025-07-13
CUST01554,63,Male,Mumbai,Salaried,Savings,2025-07-20
CUST01555,21,Male,Ahmedabad,Business,Savings,2020-08-02
CUST01556,43,Female,Bangalore,Salaried,Savings,2023-07-13
CUST01557,46,Male,Bangalore,Salaried,Savings,2024-07-26
CUST01558,62,Female,Delhi,Salaried,Savings,2024-04-05
CUST01559,51,Male,Bangalore,Salaried,Salary,2020-02-19
CUST01560,40,Female,Chennai,Salaried,Current,2022-08-19
CUST01561,54,Female,Pune,Salaried,Savings,2024-07-30
CUST01562,28,Female,Patna,Salaried,Salary,2021-02-24
CUST01563,23,Male,Mumbai,Self-Employed,Savings,2024-09-16
CUST01564,35,Male,Bangalore,Business,Savings,2021-07-25
CUST01565,38,Other,Patna,Salaried,Savings,2023-06-22
CUST01566,59,Female,Patna,Self-Employed,Savings,2026-01-28
CUST01567,53,Male,Ranchi,Salaried,Savings,2024-09-28
CUST01568,58,Female,Patna,Salaried,Savings,2020-05-04
CUST01569,55,Female,Pune,Business,Savings,2025-01-07
CUST01570,51,Male,Hyderabad,Salaried,Savings,2020-02-12
CUST01571,34,Female,Hyderabad,Business,Savings,2023-04-28
CUST01572,54,Female,Chennai,Business,Savings,2025-01-12
CUST01573,42,Male,Delhi,Salaried,Current,2021-09-23
CUST01574,55,Female,Pune,Student,Savings,2024-09-22
CUST01575,29,Male,Bangalore,Retired,Current,2024-07-21
CUST01576,40,Female,Hyderabad,Salaried,Savings,2020-03-06
CUST01577,70,Female,Delhi,Retired,Savings,2021-06-20
CUST01578,59,Female,Mumbai,Salaried,Savings,2022-03-16
CUST01579,39,Male,Pune,Self-Employed,Salary,2023-12-18
CUST01580,38,Female,Mumbai,Self-Employed,Salary,2020-09-14
CUST01581,44,Male,Ahmedabad,Salaried,Savings,2024-02-08
CUST01582,48,Female,Hyderabad,Business,Savings,2025-08-26
CUST01583,23,Male,Delhi,Business,Savings,2024-02-04
CUST01584,44,Male,Pune,Salaried,Savings,2020-04-21
CUST01585,57,Male,Kolkata,Business,Savings,2020-10-17
CUST01586,51,Male,Hyderabad,Salaried,Savings,2024-03-13
CUST01587,29,Male,Ranchi,Salaried,Salary,2022-03-26
CUST01588,62,Female,Patna,Salaried,Salary,2020-01-18
CUST01589,70,Male,Delhi,Salaried,Current,2020-10-04
CUST01590,24,Female,Ranchi,Self-Employed,Savings,2024-12-12
CUST01591,27,Female,Delhi,Salaried,Savings,2022-08-01
CUST01592,62,Female,Kolkata,Self-Employed,Salary,2021-01-04
CUST01593,34,Male,Mumbai,Retired,Salary,2024-09-29
CUST01594,43,Female,Ahmedabad,Self-Employed,Savings,2025-07-28
CUST01595,38,Female,Chennai,Salaried,Salary,2021-01-19
CUST01596,45,Male,Ranchi,Salaried,Savings,2023-07-18
CUST01597,63,Male,Mumbai,Salaried,Savings,2024-09-29
CUST01598,19,Male,Kolkata,Self-Employed,Savings,2020-08-09
CUST01599,71,Male,Mumbai,Business,Savings,2023-11-21
CUST01600,60,Male,Bangalore,Business,Salary,2025-11-26
CUST01601,18,Female,Pune,Self-Employed,Savings,2024-12-07
CUST01602,68,Male,Pune,Self-Employed,Savings,2026-06-01
CUST01603,70,Female,Patna,Self-Employed,Salary,2020-09-10
CUST01604,53,Female,Patna,Business,Savings,2024-03-09
CUST01605,68,Female,Pune,Self-Employed,Savings,2021-06-12
CUST01606,43,Female,Delhi,Freelancer,Salary,2022-01-04
CUST01607,46,Female,Delhi,Business,Savings,2022-11-13
CUST01608,38,Female,Bangalore,Self-Employed,Current,2023-05-22
CUST01609,28,Male,Delhi,Business,Savings,2020-11-03
CUST01610,57,Male,Pune,Student,Savings,2022-05-06
CUST01611,28,Female,Bangalore,Salaried,Savings,2022-10-01
CUST01612,53,Female,Bangalore,Retired,Salary,2023-08-29
CUST01613,66,Female,Ahmedabad,Self-Employed,Savings,2023-06-13
CUST01614,56,Female,Bangalore,Freelancer,Savings,2024-12-16
CUST01615,57,Male,Bangalore,Business,Current,2026-05-12
CUST01616,52,Female,Mumbai,Business,Savings,2022-12-22
CUST01617,71,Male,Ranchi,Salaried,Salary,2020-08-19
CUST01618,51,Female,Hyderabad,Salaried,Savings,2024-03-17
CUST01619,64,Male,Kolkata,Self-Employed,Savings,2022-12-18
CUST01620,41,Female,Pune,Retired,Savings,2024-02-05
CUST01621,71,Male,Ranchi,Business,Savings,2022-05-25
CUST01622,39,Female,Kolkata,Business,Savings,2021-02-01
CUST01623,22,Female,Kolkata,Salaried,Savings,2023-08-03
CUST01624,50,Male,Mumbai,Self-Employed,Current,2025-03-30
CUST01625,53,Male,Bangalore,Salaried,Savings,2020-08-10
CUST01626,64,Male,Chennai,Self-Employed,Salary,2023-07-31
CUST01627,37,Male,Hyderabad,Business,Savings,2025-02-28
CUST01628,36,Male,Delhi,Student,Savings,2021-05-19
CUST01629,52,Male,Patna,Salaried,Salary,2026-06-03
CUST01630,69,Female,Hyderabad,Salaried,Savings,2020-11-23
CUST01631,60,Male,Kolkata,Self-Employed,Savings,2025-11-19
CUST01632,34,Female,Mumbai,Salaried,Savings,2026-06-15
CUST01633,62,Female,Chennai,Student,Savings,2025-12-17
CUST01634,60,Female,Bangalore,Salaried,Savings,2024-06-17
CUST01635,51,Female,Ranchi,Salaried,Savings,2024-11-15
CUST01636,26,Male,Ahmedabad,Salaried,Savings,2023-05-15
CUST01637,43,Male,Kolkata,Salaried,Current,2024-07-15
CUST01638,19,Female,Chennai,Salaried,Salary,2022-05-29
CUST01639,70,Male,Mumbai,Business,Savings,2024-10-25
CUST01640,26,Male,Hyderabad,Salaried,Savings,2023-09-14
CUST01641,26,Male,Hyderabad,Self-Employed,Savings,2024-05-09
CUST01642,57,Male,Chennai,Business,Salary,2021-05-19
CUST01643,34,Male,Bangalore,Business,Savings,2026-03-18
CUST01644,18,Male,Delhi,Self-Employed,Salary,2022-08-20
CUST01645,42,Male,Ranchi,Salaried,Current,2022-03-08
CUST01646,60,Female,Kolkata,Retired,Savings,2023-08-13
CUST01647,57,Male,Mumbai,Student,Savings,2025-07-20
CUST01648,59,Female,Ranchi,Salaried,Current,2022-12-16
CUST01649,42,Male,Ranchi,Business,Savings,2026-04-10
CUST01650,56,Male,Chennai,Salaried,Salary,2025-02-27
CUST01651,52,Female,Mumbai,Salaried,Savings,2024-06-09
CUST01652,20,Male,Mumbai,Salaried,Savings,2026-02-18
CUST01653,67,Female,Delhi,Self-Employed,Savings,2020-01-29
CUST01654,54,Male,Ahmedabad,Student,Salary,2024-03-12
CUST01655,61,Male,Pune,Business,Salary,2025-04-03
CUST01656,61,Male,Patna,Self-Employed,Salary,2020-07-20
CUST01657,68,Male,Pune,Freelancer,Savings,2022-01-30
CUST01658,47,Male,Delhi,Salaried,Savings,2022-09-21
CUST01659,55,Female,Hyderabad,Salaried,Savings,2025-05-12
CUST01660,51,Male,Delhi,Salaried,Savings,2025-04-25
CUST01661,29,Female,Hyderabad,Salaried,Current,2020-12-29
CUST01662,36,Male,Kolkata,Salaried,Savings,2026-01-29
CUST01663,54,Male,Patna,Salaried,Salary,2022-12-22
CUST01664,61,Male,Bangalore,Salaried,Current,2022-09-27
CUST01665,66,Male,Mumbai,Retired,Savings,2020-01-25
CUST01666,34,Female,Hyderabad,Salaried,Savings,2021-02-14
CUST01667,27,Female,Mumbai,Salaried,Savings,2026-04-27
CUST01668,66,Male,Kolkata,Salaried,Savings,2022-01-30
CUST01669,64,Male,Patna,Retired,Salary,2021-11-02
CUST01670,29,Female,Kolkata,Salaried,Savings,2020-04-14
CUST01671,33,Male,Hyderabad,Student,Savings,2024-01-14
CUST01672,41,Female,Bangalore,Salaried,Savings,2024-11-06
CUST01673,36,Female,Mumbai,Salaried,Salary,2025-06-25
CUST01674,25,Female,Pune,Business,Salary,2022-09-17
CUST01675,48,Male,Mumbai,Business,Savings,2022-06-07
CUST01676,38,Male,Bangalore,Salaried,Savings,2022-02-15
CUST01677,34,Female,Mumbai,Salaried,Salary,2021-08-11
CUST01678,40,Male,Hyderabad,Salaried,Savings,2025-05-16
CUST01679,54,Female,Hyderabad,Salaried,Savings,2022-05-21
CUST01680,71,Male,Bangalore,Salaried,Savings,2021-06-29
CUST01681,33,Male,Mumbai,Student,Salary,2022-05-11
CUST01682,23,Female,Mumbai,Salaried,Savings,2026-05-05
CUST01683,25,Male,Ranchi,Salaried,Current,2024-07-16
CUST01684,42,Other,Mumbai,Retired,Savings,2023-03-30
CUST01685,35,Female,Mumbai,Business,Savings,2022-11-27
CUST01686,42,Male,Delhi,Salaried,Savings,2020-06-12
CUST01687,29,Female,Kolkata,Business,Current,2022-02-01
CUST01688,32,Male,Delhi,Salaried,Current,2026-04-15
CUST01689,43,Female,Bangalore,Self-Employed,Savings,2021-06-30
CUST01690,58,Male,Bangalore,Self-Employed,Savings,2023-08-12
CUST01691,62,Female,Bangalore,Business,Savings,2022-09-10
CUST01692,43,Female,Delhi,Salaried,Savings,2021-11-02
CUST01693,64,Male,Mumbai,Salaried,Savings,2024-06-05
CUST01694,49,Male,Pune,Freelancer,Savings,2025-02-27
CUST01695,27,Male,Mumbai,Business,Savings,2024-03-20
CUST01696,33,Male,Patna,Salaried,Savings,2022-02-04
CUST01697,24,Male,Patna,Salaried,Savings,2022-11-23
CUST01698,34,Male,Pune,Salaried,Current,2021-11-08
CUST01699,40,Male,Pune,Self-Employed,Savings,2024-12-04
CUST01700,43,Male,Bangalore,Salaried,Savings,2025-04-23
CUST01701,38,Female,Delhi,Student,Savings,2022-08-27
CUST01702,39,Male,Ranchi,Salaried,Savings,2021-10-15
CUST01703,24,Male,Ranchi,Student,Savings,2022-07-05
CUST01704,31,Female,Ranchi,Salaried,Savings,2025-12-31
CUST01705,32,Male,Patna,Retired,Savings,2023-10-17
CUST01706,70,Other,Mumbai,Student,Current,2021-07-30
CUST01707,24,Female,Patna,Salaried,Savings,2020-07-10
CUST01708,26,Male,Kolkata,Student,Current,2021-07-13
CUST01709,68,Male,Bangalore,Salaried,Savings,2022-09-03
CUST01710,65,Female,Delhi,Freelancer,Savings,2022-01-16
CUST01711,25,Male,Delhi,Salaried,Salary,2020-03-29
CUST01712,67,Female,Patna,Self-Employed,Savings,2026-06-14
CUST01713,40,Male,Bangalore,Salaried,Savings,2021-01-19
CUST01714,46,Female,Patna,Self-Employed,Salary,2022-10-26
CUST01715,35,Male,Kolkata,Freelancer,Savings,2020-01-01
CUST01716,48,Female,Delhi,Salaried,Salary,2020-09-24
CUST01717,47,Female,Delhi,Self-Employed,Savings,2024-09-29
CUST01718,69,Female,Mumbai,Salaried,Savings,2022-02-12
CUST01719,56,Female,Patna,Salaried,Savings,2022-07-22
CUST01720,52,Female,Pune,Salaried,Salary,2021-12-18
CUST01721,35,Female,Delhi,Self-Employed,Savings,2025-10-15
CUST01722,59,Male,Bangalore,Salaried,Salary,2023-02-16
CUST01723,56,Male,Mumbai,Salaried,Current,2023-04-16
CUST01724,34,Female,Kolkata,Business,Savings,2021-07-20
CUST01725,31,Female,Bangalore,Business,Salary,2022-05-20
CUST01726,48,Female,Delhi,Salaried,Savings,2023-05-01
CUST01727,41,Female,Ahmedabad,Student,Savings,2025-07-19
CUST01728,52,Female,Pune,Student,Salary,2020-10-16
CUST01729,61,Female,Delhi,Business,Savings,2025-11-21
CUST01730,62,Male,Delhi,Salaried,Savings,2021-09-03
CUST01731,51,Female,Hyderabad,Salaried,Salary,2020-02-07
CUST01732,20,Female,Bangalore,Salaried,Savings,2025-06-02
CUST01733,54,Female,Pune,Salaried,Savings,2023-09-19
CUST01734,60,Male,Patna,Retired,Salary,2023-08-08
CUST01735,57,Female,Bangalore,Freelancer,Salary,2020-12-10
CUST01736,43,Male,Ranchi,Business,Savings,2023-09-06
CUST01737,40,Female,Patna,Student,Savings,2023-01-05
CUST01738,61,Male,Delhi,Salaried,Savings,2023-11-02
CUST01739,56,Male,Mumbai,Student,Savings,2021-06-03
CUST01740,32,Male,Kolkata,Salaried,Savings,2024-05-12
CUST01741,66,Male,Pune,Salaried,Savings,2020-08-23
CUST01742,21,Female,Ahmedabad,Self-Employed,Salary,2024-12-17
CUST01743,46,Male,Bangalore,Salaried,Savings,2023-08-18
CUST01744,39,Female,Mumbai,Self-Employed,Savings,2024-11-22
CUST01745,42,Female,Bangalore,Retired,Current,2026-05-17
CUST01746,30,Female,Ahmedabad,Salaried,Current,2020-10-11
CUST01747,35,Female,Mumbai,Salaried,Savings,2022-04-06
CUST01748,50,Male,Kolkata,Business,Savings,2026-03-07
CUST01749,33,Male,Kolkata,Salaried,Savings,2022-06-24
CUST01750,62,Male,Mumbai,Retired,Current,2021-05-24
CUST01751,59,Male,Delhi,Salaried,Savings,2020-04-30
CUST01752,61,Female,Patna,Student,Current,2020-01-16
CUST01753,19,Male,Ranchi,Retired,Salary,2024-05-30
CUST01754,52,Male,Patna,Salaried,Savings,2023-03-10
CUST01755,59,Male,Ranchi,Salaried,Savings,2022-10-04
CUST01756,51,Female,Ahmedabad,Self-Employed,Savings,2022-05-24
CUST01757,47,Male,Pune,Self-Employed,Savings,2021-09-25
CUST01758,30,Male,Delhi,Salaried,Salary,2022-01-24
CUST01759,30,Female,Kolkata,Salaried,Savings,2024-11-06
CUST01760,35,Female,Kolkata,Retired,Savings,2021-09-08
CUST01761,49,Female,Mumbai,Salaried,Savings,2021-06-09
CUST01762,49,Female,Bangalore,Freelancer,Salary,2025-07-11
CUST01763,52,Female,Hyderabad,Salaried,Savings,2025-01-14
CUST01764,56,Male,Delhi,Self-Employed,Savings,2025-03-29
CUST01765,63,Male,Delhi,Freelancer,Savings,2025-03-27
CUST01766,69,Female,Mumbai,Student,Salary,2022-06-13
CUST01767,46,Male,Mumbai,Self-Employed,Salary,2022-04-14
CUST01768,66,Female,Ranchi,Salaried,Salary,2020-11-04
CUST01769,46,Male,Delhi,Self-Employed,Savings,2024-08-23
CUST01770,70,Male,Delhi,Self-Employed,Current,2025-09-04
CUST01771,61,Male,Kolkata,Salaried,Savings,2020-05-18
CUST01772,33,Female,Ahmedabad,Self-Employed,Savings,2024-06-19
CUST01773,61,Male,Mumbai,Retired,Salary,2024-07-03
CUST01774,64,Male,Pune,Salaried,Savings,2023-05-08
CUST01775,27,Female,Bangalore,Business,Savings,2025-05-12
CUST01776,47,Female,Delhi,Other / Unspecified,Savings,2020-04-25
CUST01777,42,Male,Bangalore,Self-Employed,Salary,2024-12-19
CUST01778,56,Male,Hyderabad,Business,Savings,2020-01-15
CUST01779,37,Female,Ranchi,Self-Employed,Current,2022-04-29
CUST01780,22,Male,Ranchi,Business,Savings,2026-04-06
CUST01781,18,Other,Bangalore,Student,Salary,2024-01-20
CUST01782,47,Female,Kolkata,Salaried,Savings,2020-08-02
CUST01783,66,Female,Ahmedabad,Salaried,Salary,2022-09-02
CUST01784,20,Female,Pune,Salaried,Savings,2024-03-30
CUST01785,62,Male,Hyderabad,Retired,Salary,2020-05-21
CUST01786,31,Male,Bangalore,Salaried,Current,2023-10-04
CUST01787,47,Female,Bangalore,Salaried,Savings,2023-07-06
CUST01788,67,Male,Delhi,Salaried,Current,2021-11-25
CUST01789,21,Male,Mumbai,Salaried,Savings,2025-08-24
CUST01790,35,Male,Mumbai,Retired,Savings,2023-05-31
CUST01791,54,Male,Bangalore,Salaried,Salary,2021-07-08
CUST01792,42,Male,Bangalore,Salaried,Salary,2023-03-24
CUST01793,65,Male,Kolkata,Salaried,Savings,2020-12-13
CUST01794,18,Female,Hyderabad,Business,Salary,2020-06-02
CUST01795,70,Female,Mumbai,Salaried,Savings,2025-04-21
CUST01796,63,Male,Kolkata,Freelancer,Savings,2023-05-03
CUST01797,32,Female,Bangalore,Business,Savings,2020-08-07
CUST01798,26,Female,Mumbai,Self-Employed,Salary,2021-06-25
CUST01799,32,Male,Mumbai,Self-Employed,Savings,2025-07-24
CUST01800,66,Female,Ranchi,Retired,Savings,2023-01-11
CUST01801,41,Male,Pune,Business,Savings,2020-03-16
CUST01802,21,Female,Mumbai,Salaried,Savings,2024-11-14
CUST01803,29,Male,Mumbai,Salaried,Savings,2025-04-22
CUST01804,54,Male,Bangalore,Business,Current,2024-02-11
CUST01805,54,Female,Chennai,Self-Employed,Current,2025-09-04
CUST01806,60,Male,Mumbai,Retired,Savings,2021-11-15
CUST01807,23,Female,Kolkata,Salaried,Savings,2024-10-19
CUST01808,56,Male,Ranchi,Retired,Savings,2025-01-31
CUST01809,63,Female,Delhi,Salaried,Salary,2024-09-17
CUST01810,41,Female,Delhi,Salaried,Salary,2021-07-18
CUST01811,28,Male,Mumbai,Salaried,Savings,2024-02-29
CUST01812,30,Female,Delhi,Salaried,Current,2026-05-20
CUST01813,51,Female,Delhi,Salaried,Current,2020-01-10
CUST01814,42,Male,Pune,Salaried,Savings,2024-10-26
CUST01815,24,Male,Mumbai,Business,Savings,2021-10-16
CUST01816,69,Female,Bangalore,Salaried,Savings,2020-02-26
CUST01817,21,Male,Pune,Salaried,Savings,2020-06-12
CUST01818,25,Female,Kolkata,Self-Employed,Salary,2022-09-30
CUST01819,37,Female,Patna,Self-Employed,Salary,2024-07-16
CUST01820,46,Male,Delhi,Salaried,Current,2022-02-20
CUST01821,71,Female,Kolkata,Other / Unspecified,Savings,2025-09-13
CUST01822,70,Male,Chennai,Student,Savings,2024-01-01
CUST01823,68,Female,Hyderabad,Self-Employed,Savings,2024-07-10
CUST01824,62,Female,Kolkata,Self-Employed,Savings,2022-12-10
CUST01825,63,Female,Hyderabad,Salaried,Savings,2024-08-13
CUST01826,27,Male,Hyderabad,Self-Employed,Current,2020-10-17
CUST01827,60,Female,Hyderabad,Self-Employed,Salary,2023-03-04
CUST01828,51,Male,Pune,Salaried,Savings,2026-06-07
CUST01829,43,Female,Bangalore,Salaried,Savings,2025-01-08
CUST01830,58,Other,Delhi,Business,Salary,2022-12-30
CUST01831,66,Male,Hyderabad,Retired,Savings,2023-07-14
CUST01832,20,Male,Kolkata,Salaried,Salary,2025-06-12
CUST01833,23,Female,Patna,Retired,Salary,2022-05-05
CUST01834,22,Female,Delhi,Salaried,Savings,2021-03-03
CUST01835,22,Female,Bangalore,Student,Salary,2025-11-11
CUST01836,71,Female,Patna,Self-Employed,Savings,2022-06-10
CUST01837,64,Male,Mumbai,Self-Employed,Savings,2026-05-26
CUST01838,40,Female,Ahmedabad,Business,Savings,2025-06-07
CUST01839,66,Male,Delhi,Business,Salary,2026-06-10
CUST01840,26,Other,Delhi,Salaried,Current,2026-01-27
CUST01841,52,Male,Ranchi,Self-Employed,Savings,2023-02-11
CUST01842,37,Other,Ranchi,Salaried,Salary,2020-11-12
CUST01843,66,Male,Pune,Salaried,Current,2022-11-21
CUST01844,59,Male,Mumbai,Self-Employed,Savings,2025-09-03
CUST01845,52,Female,Delhi,Freelancer,Savings,2024-10-16
CUST01846,67,Female,Hyderabad,Salaried,Savings,2020-05-20
CUST01847,35,Male,Pune,Salaried,Savings,2023-07-14
CUST01848,34,Male,Ranchi,Self-Employed,Savings,2023-07-08
CUST01849,41,Male,Ranchi,Salaried,Savings,2020-02-28
CUST01850,20,Male,Mumbai,Self-Employed,Savings,2023-03-01
CUST01851,49,Male,Bangalore,Salaried,Savings,2022-04-30
CUST01852,52,Male,Patna,Student,Salary,2021-08-08
CUST01853,55,Male,Delhi,Salaried,Savings,2024-09-03
CUST01854,30,Female,Delhi,Salaried,Current,2024-11-22
CUST01855,64,Female,Mumbai,Freelancer,Salary,2023-04-29
CUST01856,42,Female,Mumbai,Salaried,Savings,2022-06-05
CUST01857,26,Female,Ranchi,Student,Savings,2021-06-06
CUST01858,21,Male,Pune,Self-Employed,Current,2021-06-23
CUST01859,31,Female,Delhi,Salaried,Savings,2022-06-30
CUST01860,54,Female,Delhi,Retired,Savings,2022-11-19
CUST01861,51,Female,Kolkata,Freelancer,Savings,2024-04-09
CUST01862,28,Male,Bangalore,Salaried,Salary,2021-02-19
CUST01863,58,Male,Kolkata,Student,Savings,2021-06-19
CUST01864,20,Female,Kolkata,Salaried,Savings,2021-02-17
CUST01865,45,Male,Chennai,Salaried,Savings,2021-10-04
CUST01866,46,Male,Mumbai,Business,Savings,2026-02-22
CUST01867,26,Male,Mumbai,Salaried,Savings,2025-12-25
CUST01868,20,Male,Pune,Self-Employed,Salary,2020-11-01
CUST01869,42,Male,Patna,Salaried,Savings,2021-03-03
CUST01870,51,Male,Patna,Student,Savings,2023-09-11
CUST01871,29,Female,Bangalore,Self-Employed,Savings,2023-03-26
CUST01872,59,Female,Hyderabad,Student,Salary,2026-04-22
CUST01873,26,Male,Chennai,Salaried,Current,2023-10-22
CUST01874,32,Female,Hyderabad,Salaried,Savings,2022-07-22
CUST01875,57,Male,Ranchi,Retired,Current,2022-10-27
CUST01876,42,Female,Patna,Self-Employed,Salary,2020-03-07
CUST01877,22,Female,Bangalore,Salaried,Current,2020-01-17
CUST01878,28,Male,Pune,Salaried,Savings,2020-10-26
CUST01879,51,Male,Pune,Salaried,Savings,2022-01-17
CUST01880,41,Male,Delhi,Self-Employed,Savings,2025-01-18
CUST01881,32,Male,Delhi,Self-Employed,Salary,2024-11-24
CUST01882,55,Male,Mumbai,Student,Salary,2021-10-31
CUST01883,25,Female,Bangalore,Business,Savings,2021-07-17
CUST01884,22,Female,Hyderabad,Salaried,Salary,2022-03-01
CUST01885,65,Male,Patna,Retired,Current,2025-12-15
CUST01886,43,Male,Kolkata,Self-Employed,Savings,2023-05-30
CUST01887,35,Female,Mumbai,Student,Savings,2025-07-31
CUST01888,23,Male,Patna,Salaried,Savings,2023-05-14
CUST01889,54,Female,Pune,Freelancer,Savings,2021-12-08
CUST01890,65,Male,Mumbai,Retired,Savings,2021-10-23
CUST01891,30,Male,Mumbai,Salaried,Savings,2023-10-28
CUST01892,45,Male,Hyderabad,Retired,Savings,2024-06-16
CUST01893,22,Female,Delhi,Freelancer,Savings,2025-03-03
CUST01894,30,Female,Hyderabad,Retired,Savings,2025-08-26
CUST01895,34,Male,Mumbai,Self-Employed,Savings,2025-07-06
CUST01896,67,Male,Bangalore,Salaried,Salary,2020-09-20
CUST01897,57,Male,Patna,Retired,Current,2025-10-03
CUST01898,62,Male,Mumbai,Salaried,Current,2025-08-14
CUST01899,49,Female,Hyderabad,Salaried,Savings,2025-11-25
CUST01900,46,Male,Mumbai,Self-Employed,Savings,2021-08-01
CUST01901,68,Male,Kolkata,Salaried,Salary,2021-06-11
CUST01902,20,Female,Delhi,Retired,Savings,2022-04-19
CUST01903,57,Female,Hyderabad,Self-Employed,Salary,2025-01-18
CUST01904,51,Male,Mumbai,Freelancer,Savings,2025-11-23
CUST01905,57,Male,Delhi,Salaried,Savings,2026-02-14
CUST01906,44,Female,Hyderabad,Salaried,Savings,2025-06-01
CUST01907,30,Male,Mumbai,Salaried,Savings,2020-08-24
CUST01908,62,Female,Mumbai,Student,Savings,2023-09-12
CUST01909,50,Male,Mumbai,Business,Savings,2026-02-17
CUST01910,23,Male,Pune,Student,Savings,2023-04-03
CUST01911,41,Male,Hyderabad,Freelancer,Savings,2020-10-03
CUST01912,36,Female,Mumbai,Salaried,Savings,2024-05-07
CUST01913,33,Male,Ranchi,Business,Salary,2025-11-08
CUST01914,57,Male,Patna,Self-Employed,Salary,2020-07-21
CUST01915,45,Male,Ranchi,Salaried,Salary,2024-04-23
CUST01916,50,Male,Hyderabad,Salaried,Salary,2020-11-11
CUST01917,65,Male,Chennai,Student,Savings,2022-03-29
CUST01918,58,Female,Patna,Salaried,Savings,2022-11-12
CUST01919,30,Male,Mumbai,Freelancer,Salary,2026-06-15
CUST01920,60,Male,Ahmedabad,Salaried,Savings,2024-02-24
CUST01921,62,Female,Delhi,Retired,Savings,2024-06-29
CUST01922,42,Male,Ranchi,Salaried,Salary,2023-06-07
CUST01923,70,Male,Hyderabad,Business,Current,2025-03-30
CUST01924,59,Male,Kolkata,Retired,Savings,2026-06-13
CUST01925,53,Male,Kolkata,Salaried,Salary,2026-01-06
CUST01926,44,Male,Pune,Salaried,Savings,2023-01-15
CUST01927,55,Female,Ranchi,Business,Savings,2024-05-22
CUST01928,24,Female,Bangalore,Business,Savings,2020-04-10
CUST01929,22,Male,Kolkata,Salaried,Savings,2023-08-22
CUST01930,60,Female,Kolkata,Salaried,Savings,2025-10-11
CUST01931,62,Female,Bangalore,Salaried,Savings,2024-10-20
CUST01932,68,Female,Delhi,Salaried,Savings,2024-12-22
CUST01933,48,Male,Mumbai,Self-Employed,Savings,2023-01-08
CUST01934,40,Male,Kolkata,Self-Employed,Savings,2026-05-12
CUST01935,59,Male,Bangalore,Business,Savings,2024-05-03
CUST01936,27,Other,Delhi,Salaried,Savings,2022-02-28
CUST01937,49,Female,Hyderabad,Salaried,Savings,2026-01-27
CUST01938,60,Male,Pune,Business,Savings,2022-09-15
CUST01939,70,Female,Ranchi,Self-Employed,Savings,2020-01-16
CUST01940,47,Male,Delhi,Salaried,Savings,2024-12-26
CUST01941,56,Male,Bangalore,Freelancer,Salary,2021-09-23
CUST01942,48,Female,Chennai,Retired,Savings,2022-04-04
CUST01943,35,Female,Kolkata,Salaried,Savings,2024-06-05
CUST01944,53,Female,Mumbai,Salaried,Savings,2021-05-03
CUST01945,19,Female,Delhi,Freelancer,Current,2020-07-26
CUST01946,31,Male,Bangalore,Salaried,Savings,2026-02-02
CUST01947,30,Other,Hyderabad,Other / Unspecified,Savings,2020-08-31
CUST01948,46,Male,Kolkata,Salaried,Current,2026-06-08
CUST01949,29,Female,Kolkata,Self-Employed,Current,2021-07-30
CUST01950,56,Female,Pune,Self-Employed,Current,2024-09-04
CUST01951,19,Male,Hyderabad,Student,Savings,2020-12-08
CUST01952,49,Female,Mumbai,Business,Salary,2024-04-22
CUST01953,30,Female,Delhi,Business,Savings,2024-06-29
CUST01954,63,Male,Delhi,Business,Savings,2021-06-26
CUST01955,44,Female,Ranchi,Salaried,Savings,2020-01-31
CUST01956,66,Male,Mumbai,Salaried,Current,2021-02-09
CUST01957,58,Male,Hyderabad,Freelancer,Salary,2024-09-10
CUST01958,34,Male,Hyderabad,Self-Employed,Savings,2023-08-14
CUST01959,57,Male,Patna,Self-Employed,Salary,2023-12-30
CUST01960,48,Female,Ahmedabad,Salaried,Savings,2023-07-29
CUST01961,51,Male,Delhi,Student,Savings,2025-01-15
CUST01962,41,Male,Patna,Business,Savings,2025-09-05
CUST01963,62,Male,Bangalore,Student,Salary,2024-07-22
CUST01964,52,Male,Bangalore,Freelancer,Current,2023-02-11
CUST01965,65,Female,Hyderabad,Salaried,Savings,2023-09-15
CUST01966,23,Male,Delhi,Self-Employed,Current,2025-08-06
CUST01967,36,Male,Ranchi,Student,Savings,2025-11-11
CUST01968,47,Female,Hyderabad,Salaried,Savings,2024-06-20
CUST01969,24,Male,Bangalore,Business,Current,2023-08-13
CUST01970,27,Male,Delhi,Salaried,Savings,2023-09-04
CUST01971,58,Male,Hyderabad,Salaried,Savings,2024-01-08
CUST01972,49,Female,Hyderabad,Self-Employed,Salary,2025-07-14
CUST01973,51,Female,Ahmedabad,Salaried,Salary,2023-12-13
CUST01974,45,Male,Patna,Student,Current,2021-02-13
CUST01975,32,Female,Ranchi,Freelancer,Savings,2021-12-06
CUST01976,47,Male,Mumbai,Salaried,Savings,2022-11-09
CUST01977,54,Female,Bangalore,Salaried,Savings,2025-04-10
CUST01978,46,Female,Mumbai,Other / Unspecified,Savings,2024-10-31
CUST01979,39,Male,Ranchi,Salaried,Savings,2023-01-29
CUST01980,21,Male,Kolkata,Self-Employed,Savings,2020-01-24
CUST01981,37,Male,Patna,Self-Employed,Savings,2020-01-29
CUST01982,49,Male,Delhi,Business,Current,2020-08-02
CUST01983,53,Female,Hyderabad,Salaried,Savings,2024-05-01
CUST01984,67,Female,Mumbai,Business,Salary,2025-11-15
CUST01985,21,Male,Ahmedabad,Business,Savings,2025-01-02
CUST01986,44,Female,Hyderabad,Self-Employed,Savings,2023-10-14
CUST01987,34,Male,Ahmedabad,Student,Savings,2025-11-04
CUST01988,29,Male,Bangalore,Salaried,Salary,2024-08-26
CUST01989,39,Male,Pune,Self-Employed,Salary,2025-12-14
CUST01990,34,Female,Bangalore,Retired,Savings,2021-06-27
CUST01991,27,Male,Bangalore,Salaried,Savings,2023-04-07
CUST01992,71,Male,Bangalore,Self-Employed,Savings,2020-08-23
CUST01993,18,Male,Mumbai,Self-Employed,Current,2024-01-03
CUST01994,39,Female,Delhi,Business,Savings,2020-10-19
CUST01995,43,Female,Hyderabad,Freelancer,Salary,2024-08-25
CUST01996,35,Male,Kolkata,Self-Employed,Salary,2024-04-16
CUST01997,67,Female,Kolkata,Salaried,Current,2023-12-16
CUST01998,31,Female,Kolkata,Business,Current,2022-11-11
CUST01999,64,Male,Bangalore,Salaried,Savings,2023-08-24
CUST02000,46,Male,Delhi,Business,Savings,2021-03-12
CUST02001,29,Male,Mumbai,Retired,Savings,2021-09-22
CUST02002,53,Female,Bangalore,Salaried,Savings,2021-12-18
CUST02003,52,Male,Hyderabad,Salaried,Savings,2022-11-17
CUST02004,69,Male,Mumbai,Business,Salary,2023-05-24
CUST02005,29,Male,Patna,Salaried,Savings,2022-12-01
CUST02006,24,Female,Kolkata,Business,Current,2020-10-08
CUST02007,46,Female,Hyderabad,Student,Current,2025-09-29
CUST02008,28,Female,Patna,Self-Employed,Salary,2025-04-18
CUST02009,50,Female,Ranchi,Self-Employed,Savings,2023-04-27
CUST02010,23,Male,Pune,Retired,Savings,2020-01-21
CUST02011,64,Male,Mumbai,Student,Salary,2021-08-11
CUST02012,32,Female,Mumbai,Other / Unspecified,Current,2022-04-06
CUST02013,49,Female,Mumbai,Business,Savings,2022-04-05
CUST02014,68,Female,Bangalore,Business,Savings,2025-12-07
CUST02015,28,Female,Bangalore,Salaried,Savings,2024-07-23
CUST02016,40,Male,Bangalore,Self-Employed,Savings,2025-12-28
CUST02017,43,Male,Mumbai,Salaried,Current,2024-10-10
CUST02018,51,Male,Delhi,Retired,Savings,2020-03-10
CUST02019,63,Male,Bangalore,Salaried,Savings,2025-09-30
CUST02020,51,Female,Mumbai,Retired,Savings,2022-08-13
CUST02021,46,Male,Mumbai,Student,Salary,2023-07-27
CUST02022,21,Female,Chennai,Business,Savings,2025-04-08
CUST02023,34,Male,Mumbai,Student,Salary,2020-06-20
CUST02024,52,Female,Ahmedabad,Salaried,Current,2020-09-17
CUST02025,30,Female,Hyderabad,Student,Savings,2025-01-27
CUST02026,58,Female,Patna,Salaried,Current,2020-03-22
CUST02027,56,Female,Patna,Freelancer,Savings,2022-10-01
CUST02028,32,Female,Kolkata,Salaried,Savings,2024-07-30
CUST02029,46,Female,Patna,Salaried,Savings,2022-03-05
CUST02030,46,Male,Kolkata,Salaried,Salary,2020-07-05
CUST02031,28,Male,Pune,Self-Employed,Salary,2023-05-06
CUST02032,69,Male,Patna,Freelancer,Savings,2023-01-01
CUST02033,49,Female,Delhi,Salaried,Savings,2021-09-22
CUST02034,19,Female,Mumbai,Business,Current,2022-05-19
CUST02035,64,Female,Hyderabad,Salaried,Current,2025-09-30
CUST02036,31,Male,Chennai,Business,Savings,2024-08-11
CUST02037,37,Female,Mumbai,Self-Employed,Savings,2020-09-05
CUST02038,39,Male,Chennai,Salaried,Savings,2021-12-11
CUST02039,28,Male,Bangalore,Salaried,Salary,2020-07-04
CUST02040,44,Female,Mumbai,Salaried,Salary,2023-09-25
CUST02041,20,Female,Patna,Student,Salary,2020-07-17
CUST02042,34,Female,Bangalore,Student,Savings,2026-01-23
CUST02043,61,Male,Ranchi,Student,Savings,2025-12-30
CUST02044,45,Female,Delhi,Salaried,Salary,2022-07-03
CUST02045,46,Female,Mumbai,Self-Employed,Salary,2020-05-04
CUST02046,38,Female,Ahmedabad,Business,Savings,2023-02-12
CUST02047,64,Male,Delhi,Student,Current,2020-10-10
CUST02048,33,Female,Mumbai,Salaried,Savings,2022-05-20
CUST02049,54,Male,Hyderabad,Student,Savings,2023-01-07
CUST02050,37,Female,Patna,Salaried,Savings,2026-06-27
CUST02051,23,Male,Bangalore,Business,Savings,2020-02-19
CUST02052,36,Female,Ranchi,Self-Employed,Savings,2024-11-09
CUST02053,22,Female,Pune,Salaried,Savings,2020-09-28
CUST02054,20,Male,Pune,Self-Employed,Savings,2025-05-02
CUST02055,18,Other,Delhi,Salaried,Salary,2025-06-08
CUST02056,55,Male,Hyderabad,Salaried,Savings,2026-06-16
CUST02057,32,Male,Mumbai,Salaried,Savings,2025-06-17
CUST02058,51,Female,Patna,Business,Savings,2021-07-06
CUST02059,52,Male,Mumbai,Salaried,Savings,2023-01-22
CUST02060,66,Female,Pune,Student,Savings,2023-10-10
CUST02061,42,Female,Mumbai,Retired,Salary,2021-09-18
CUST02062,41,Female,Bangalore,Business,Salary,2026-03-24
CUST02063,29,Male,Bangalore,Freelancer,Savings,2023-01-05
CUST02064,35,Male,Pune,Salaried,Savings,2021-03-24
CUST02065,32,Male,Hyderabad,Salaried,Current,2022-05-09
CUST02066,61,Male,Mumbai,Self-Employed,Savings,2024-01-25
CUST02067,33,Male,Hyderabad,Retired,Savings,2024-05-13
CUST02068,44,Male,Bangalore,Business,Current,2023-01-12
CUST02069,25,Male,Hyderabad,Self-Employed,Savings,2025-11-27
CUST02070,63,Other,Bangalore,Business,Savings,2020-02-23
CUST02071,42,Male,Mumbai,Self-Employed,Savings,2023-05-08
CUST02072,34,Female,Mumbai,Salaried,Current,2023-07-25
CUST02073,46,Female,Mumbai,Business,Current,2020-06-22
CUST02074,70,Male,Pune,Salaried,Salary,2025-03-15
CUST02075,25,Male,Mumbai,Salaried,Current,2022-04-18
CUST02076,32,Female,Hyderabad,Self-Employed,Savings,2023-12-20
CUST02077,44,Male,Kolkata,Student,Savings,2024-03-26
CUST02078,63,Male,Mumbai,Salaried,Savings,2025-07-08
CUST02079,67,Male,Delhi,Salaried,Salary,2023-05-10
CUST02080,69,Female,Mumbai,Business,Savings,2025-09-17
CUST02081,24,Female,Bangalore,Self-Employed,Savings,2020-02-28
CUST02082,20,Male,Chennai,Salaried,Savings,2026-06-05
CUST02083,46,Male,Pune,Retired,Savings,2023-08-11
CUST02084,61,Male,Hyderabad,Salaried,Savings,2025-08-02
CUST02085,70,Male,Kolkata,Freelancer,Salary,2022-07-01
CUST02086,41,Female,Pune,Student,Savings,2026-06-05
CUST02087,20,Male,Kolkata,Retired,Savings,2022-10-25
CUST02088,37,Female,Bangalore,Salaried,Savings,2020-03-18
CUST02089,63,Female,Hyderabad,Self-Employed,Savings,2023-10-11
CUST02090,32,Male,Kolkata,Salaried,Salary,2026-02-24
CUST02091,42,Female,Bangalore,Freelancer,Savings,2020-07-03
CUST02092,47,Female,Patna,Salaried,Savings,2021-07-28
CUST02093,31,Female,Bangalore,Salaried,Savings,2024-11-05
CUST02094,24,Male,Delhi,Self-Employed,Savings,2020-01-05
CUST02095,34,Male,Bangalore,Business,Salary,2021-11-21
CUST02096,61,Female,Bangalore,Salaried,Savings,2022-10-24
CUST02097,37,Male,Ranchi,Self-Employed,Savings,2023-01-12
CUST02098,53,Female,Bangalore,Student,Savings,2021-08-25
CUST02099,26,Male,Delhi,Freelancer,Savings,2020-06-30
CUST02100,55,Female,Mumbai,Salaried,Savings,2022-08-13
CUST02101,65,Male,Pune,Salaried,Savings,2021-01-03
CUST02102,39,Female,Patna,Self-Employed,Salary,2023-12-20
CUST02103,71,Male,Chennai,Salaried,Current,2025-12-12
CUST02104,70,Male,Delhi,Salaried,Savings,2021-07-27
CUST02105,70,Female,Ranchi,Salaried,Current,2023-09-22
CUST02106,19,Female,Hyderabad,Other / Unspecified,Savings,2025-11-02
CUST02107,41,Female,Delhi,Self-Employed,Salary,2023-02-22
CUST02108,25,Female,Kolkata,Student,Savings,2020-03-12
CUST02109,28,Male,Pune,Salaried,Current,2025-04-03
CUST02110,30,Female,Mumbai,Self-Employed,Savings,2022-02-22
CUST02111,34,Male,Hyderabad,Self-Employed,Savings,2023-07-02
CUST02112,25,Female,Bangalore,Salaried,Salary,2021-09-21
CUST02113,38,Male,Mumbai,Student,Savings,2020-06-16
CUST02114,35,Male,Ranchi,Self-Employed,Current,2022-07-20
CUST02115,47,Male,Pune,Self-Employed,Savings,2021-01-29
CUST02116,35,Female,Ranchi,Retired,Savings,2026-04-27
CUST02117,63,Female,Mumbai,Freelancer,Current,2024-12-07
CUST02118,64,Female,Mumbai,Business,Savings,2025-02-26
CUST02119,48,Male,Pune,Business,Salary,2025-04-13
CUST02120,55,Male,Mumbai,Freelancer,Savings,2023-03-16
CUST02121,49,Male,Delhi,Student,Savings,2025-12-21
CUST02122,28,Female,Patna,Salaried,Savings,2024-11-24
CUST02123,62,Male,Patna,Salaried,Salary,2025-02-28
CUST02124,42,Male,Delhi,Retired,Savings,2024-01-25
CUST02125,50,Male,Patna,Retired,Savings,2024-02-05
CUST02126,55,Female,Delhi,Salaried,Savings,2021-04-10
CUST02127,58,Male,Patna,Other / Unspecified,Savings,2023-06-18
CUST02128,25,Female,Delhi,Freelancer,Salary,2020-09-30
CUST02129,28,Female,Mumbai,Salaried,Savings,2025-10-04
CUST02130,39,Female,Delhi,Student,Current,2024-10-08
CUST02131,68,Female,Bangalore,Freelancer,Salary,2022-12-30
CUST02132,41,Male,Mumbai,Salaried,Salary,2025-11-10
CUST02133,58,Male,Ranchi,Self-Employed,Savings,2021-10-13
CUST02134,34,Male,Ranchi,Salaried,Current,2022-04-05
CUST02135,29,Male,Mumbai,Freelancer,Salary,2020-01-16
CUST02136,63,Male,Mumbai,Business,Savings,2025-08-13
CUST02137,49,Female,Mumbai,Self-Employed,Salary,2025-11-08
CUST02138,32,Male,Mumbai,Self-Employed,Savings,2021-06-12
CUST02139,33,Male,Mumbai,Salaried,Salary,2023-08-03
CUST02140,71,Male,Hyderabad,Student,Salary,2025-10-30
CUST02141,39,Male,Patna,Self-Employed,Savings,2024-06-11
CUST02142,45,Female,Delhi,Business,Savings,2025-10-07
CUST02143,37,Other,Hyderabad,Business,Savings,2023-02-06
CUST02144,50,Male,Bangalore,Self-Employed,Savings,2021-03-10
CUST02145,27,Female,Bangalore,Self-Employed,Savings,2026-05-25
CUST02146,57,Female,Hyderabad,Freelancer,Savings,2024-09-17
CUST02147,49,Female,Mumbai,Self-Employed,Salary,2021-10-13
CUST02148,67,Female,Patna,Self-Employed,Savings,2022-09-29
CUST02149,50,Female,Ranchi,Salaried,Current,2022-06-19
CUST02150,19,Male,Mumbai,Self-Employed,Salary,2021-11-20
CUST02151,50,Male,Mumbai,Self-Employed,Current,2024-10-24
CUST02152,50,Female,Mumbai,Salaried,Salary,2020-05-07
CUST02153,58,Male,Mumbai,Freelancer,Savings,2024-01-16
CUST02154,30,Male,Delhi,Salaried,Savings,2026-02-25
CUST02155,47,Male,Pune,Self-Employed,Savings,2024-03-23
CUST02156,50,Male,Delhi,Self-Employed,Savings,2023-02-20
CUST02157,30,Male,Ahmedabad,Salaried,Savings,2021-11-09
CUST02158,69,Female,Kolkata,Salaried,Savings,2025-02-24
CUST02159,43,Female,Delhi,Student,Savings,2024-09-16
CUST02160,39,Female,Bangalore,Salaried,Savings,2025-05-22
CUST02161,56,Male,Hyderabad,Business,Savings,2023-04-13
CUST02162,19,Male,Delhi,Salaried,Savings,2025-10-15
CUST02163,55,Male,Mumbai,Business,Savings,2022-05-09
CUST02164,56,Male,Patna,Self-Employed,Savings,2021-02-08
CUST02165,43,Female,Bangalore,Retired,Savings,2024-12-21
CUST02166,63,Female,Delhi,Business,Current,2022-02-27
CUST02167,67,Male,Ahmedabad,Business,Savings,2020-01-11
CUST02168,32,Male,Mumbai,Self-Employed,Savings,2024-04-21
CUST02169,51,Male,Ahmedabad,Business,Savings,2024-07-08
CUST02170,59,Female,Hyderabad,Other / Unspecified,Salary,2022-01-14
CUST02171,61,Female,Bangalore,Freelancer,Savings,2022-05-25
CUST02172,66,Female,Mumbai,Salaried,Current,2020-12-20
CUST02173,57,Male,Pune,Self-Employed,Current,2024-03-01
CUST02174,28,Female,Mumbai,Self-Employed,Savings,2021-01-12
CUST02175,20,Male,Ranchi,Business,Savings,2025-12-09
CUST02176,23,Female,Mumbai,Salaried,Salary,2021-01-04
CUST02177,26,Female,Hyderabad,Self-Employed,Current,2025-04-03
CUST02178,23,Female,Delhi,Student,Savings,2026-01-24
CUST02179,26,Female,Ahmedabad,Retired,Salary,2025-08-12
CUST02180,56,Male,Ranchi,Salaried,Current,2021-09-04
CUST02181,48,Male,Chennai,Self-Employed,Current,2023-04-22
CUST02182,49,Male,Mumbai,Business,Savings,2021-08-23
CUST02183,58,Male,Bangalore,Salaried,Savings,2024-04-11
CUST02184,67,Female,Hyderabad,Salaried,Current,2024-01-21
CUST02185,29,Male,Mumbai,Self-Employed,Savings,2023-10-24
CUST02186,25,Female,Mumbai,Business,Savings,2026-04-25
CUST02187,25,Male,Bangalore,Salaried,Savings,2023-07-03
CUST02188,67,Female,Bangalore,Salaried,Savings,2024-08-24
CUST02189,45,Male,Bangalore,Freelancer,Savings,2026-02-25
CUST02190,37,Other,Ranchi,Self-Employed,Savings,2020-04-05
CUST02191,64,Female,Hyderabad,Self-Employed,Savings,2024-09-17
CUST02192,24,Male,Bangalore,Business,Current,2021-09-17
CUST02193,28,Female,Delhi,Business,Current,2022-08-22
CUST02194,37,Male,Mumbai,Salaried,Savings,2021-06-30
CUST02195,33,Male,Patna,Self-Employed,Current,2025-02-27
CUST02196,21,Female,Patna,Business,Savings,2021-08-14
CUST02197,23,Male,Bangalore,Salaried,Savings,2022-06-20
CUST02198,39,Female,Delhi,Salaried,Savings,2025-04-24
CUST02199,43,Female,Mumbai,Self-Employed,Savings,2021-05-02
CUST02200,20,Male,Bangalore,Self-Employed,Salary,2025-01-18
CUST02201,58,Female,Chennai,Salaried,Savings,2025-08-20
CUST02202,59,Male,Mumbai,Salaried,Savings,2026-06-30
CUST02203,31,Male,Kolkata,Retired,Savings,2020-04-20
CUST02204,28,Other,Mumbai,Other / Unspecified,Salary,2021-09-12
CUST02205,35,Male,Delhi,Retired,Savings,2021-12-02
CUST02206,71,Male,Hyderabad,Salaried,Savings,2022-07-22
CUST02207,29,Female,Mumbai,Salaried,Savings,2025-04-15
CUST02208,40,Male,Delhi,Business,Savings,2026-06-05
CUST02209,29,Female,Ahmedabad,Salaried,Salary,2020-08-19
CUST02210,30,Female,Mumbai,Salaried,Savings,2020-05-27
CUST02211,42,Male,Mumbai,Salaried,Savings,2024-10-20
CUST02212,62,Female,Bangalore,Salaried,Salary,2023-07-19
CUST02213,68,Female,Ranchi,Business,Salary,2023-01-22
CUST02214,36,Female,Kolkata,Student,Savings,2026-01-29
CUST02215,63,Male,Kolkata,Self-Employed,Salary,2025-01-09
CUST02216,53,Male,Ranchi,Salaried,Savings,2020-08-15
CUST02217,62,Female,Mumbai,Salaried,Savings,2026-03-11
CUST02218,25,Female,Pune,Salaried,Savings,2023-02-23
CUST02219,46,Female,Kolkata,Freelancer,Savings,2025-03-23
CUST02220,70,Male,Mumbai,Self-Employed,Savings,2025-01-03
CUST02221,49,Male,Pune,Salaried,Current,2023-08-15
CUST02222,68,Male,Kolkata,Business,Savings,2022-11-28
CUST02223,61,Male,Hyderabad,Self-Employed,Savings,2020-10-16
CUST02224,35,Male,Bangalore,Salaried,Savings,2024-12-28
CUST02225,23,Male,Hyderabad,Self-Employed,Savings,2024-09-19
CUST02226,35,Male,Kolkata,Freelancer,Savings,2025-07-26
CUST02227,36,Male,Ranchi,Salaried,Savings,2023-07-09
CUST02228,39,Male,Ranchi,Salaried,Salary,2023-07-09
CUST02229,54,Female,Hyderabad,Salaried,Savings,2022-04-09
CUST02230,49,Male,Kolkata,Freelancer,Current,2025-11-19
CUST02231,58,Male,Kolkata,Self-Employed,Savings,2020-11-13
CUST02232,20,Male,Mumbai,Salaried,Savings,2026-02-08
CUST02233,45,Male,Hyderabad,Salaried,Savings,2026-01-24
CUST02234,27,Female,Hyderabad,Salaried,Savings,2020-06-11
CUST02235,68,Male,Mumbai,Retired,Savings,2025-01-27
CUST02236,52,Male,Delhi,Self-Employed,Savings,2022-05-10
CUST02237,46,Male,Hyderabad,Student,Savings,2025-03-10
CUST02238,71,Male,Kolkata,Freelancer,Current,2025-10-07
CUST02239,32,Male,Ranchi,Salaried,Savings,2020-09-28
CUST02240,50,Female,Mumbai,Self-Employed,Savings,2023-12-15
CUST02241,24,Female,Chennai,Salaried,Savings,2020-09-22
CUST02242,29,Female,Mumbai,Salaried,Salary,2023-08-05
CUST02243,66,Female,Delhi,Salaried,Savings,2025-07-16
CUST02244,47,Male,Ranchi,Student,Savings,2020-08-25
CUST02245,38,Male,Delhi,Retired,Savings,2026-04-03
CUST02246,48,Male,Chennai,Self-Employed,Savings,2023-05-24
CUST02247,41,Male,Mumbai,Self-Employed,Savings,2024-02-22
CUST02248,37,Male,Patna,Retired,Savings,2025-09-19
CUST02249,54,Male,Bangalore,Business,Savings,2024-05-18
CUST02250,21,Male,Delhi,Student,Savings,2021-11-17
CUST02251,45,Male,Kolkata,Salaried,Savings,2024-07-16
CUST02252,61,Male,Delhi,Salaried,Savings,2026-03-02
CUST02253,37,Male,Bangalore,Student,Salary,2022-05-10
CUST02254,41,Male,Mumbai,Salaried,Current,2025-09-01
CUST02255,67,Male,Delhi,Salaried,Savings,2022-12-15
CUST02256,66,Female,Pune,Self-Employed,Savings,2026-03-04
CUST02257,68,Female,Kolkata,Freelancer,Current,2025-09-27
CUST02258,49,Male,Delhi,Retired,Savings,2024-12-20
CUST02259,58,Male,Delhi,Student,Salary,2024-08-10
CUST02260,53,Male,Hyderabad,Salaried,Savings,2022-04-21
CUST02261,70,Female,Mumbai,Salaried,Salary,2025-11-20
CUST02262,51,Male,Pune,Salaried,Savings,2020-04-03
CUST02263,53,Female,Bangalore,Salaried,Current,2021-09-29
CUST02264,19,Female,Bangalore,Self-Employed,Savings,2020-03-10
CUST02265,32,Male,Bangalore,Retired,Current,2025-05-15
CUST02266,51,Male,Kolkata,Self-Employed,Savings,2024-06-20
CUST02267,53,Female,Bangalore,Self-Employed,Savings,2020-11-20
CUST02268,23,Female,Kolkata,Freelancer,Savings,2021-09-10
CUST02269,56,Female,Bangalore,Retired,Savings,2022-09-01
CUST02270,59,Male,Ranchi,Retired,Savings,2024-06-22
CUST02271,68,Male,Patna,Retired,Savings,2021-03-21
CUST02272,68,Female,Ranchi,Self-Employed,Current,2022-01-08
CUST02273,71,Male,Delhi,Salaried,Salary,2021-04-14
CUST02274,29,Male,Bangalore,Salaried,Savings,2020-04-24
CUST02275,20,Female,Delhi,Salaried,Current,2023-09-28
CUST02276,62,Female,Bangalore,Self-Employed,Savings,2020-12-27
CUST02277,35,Male,Hyderabad,Salaried,Salary,2026-02-19
CUST02278,57,Female,Delhi,Salaried,Savings,2026-02-17
CUST02279,38,Male,Kolkata,Salaried,Savings,2021-02-12
CUST02280,32,Female,Ahmedabad,Student,Salary,2021-09-25
CUST02281,50,Male,Kolkata,Salaried,Savings,2026-05-11
CUST02282,52,Male,Bangalore,Salaried,Savings,2026-01-20
CUST02283,43,Female,Delhi,Salaried,Savings,2025-11-12
CUST02284,25,Male,Bangalore,Retired,Savings,2024-05-04
CUST02285,53,Male,Mumbai,Retired,Savings,2021-02-06
CUST02286,65,Female,Chennai,Student,Savings,2025-09-23
CUST02287,47,Female,Kolkata,Retired,Savings,2021-07-02
CUST02288,40,Male,Chennai,Business,Savings,2020-04-18
CUST02289,59,Female,Ranchi,Student,Salary,2025-06-23
CUST02290,61,Female,Chennai,Salaried,Current,2020-01-29
CUST02291,31,Female,Mumbai,Self-Employed,Current,2024-07-03
CUST02292,31,Male,Ahmedabad,Business,Savings,2024-05-08
CUST02293,19,Female,Delhi,Salaried,Savings,2020-05-30
CUST02294,54,Male,Kolkata,Self-Employed,Savings,2021-04-30
CUST02295,22,Male,Mumbai,Self-Employed,Salary,2020-07-11
CUST02296,55,Female,Mumbai,Self-Employed,Savings,2025-02-05
CUST02297,62,Female,Hyderabad,Salaried,Current,2021-06-24
CUST02298,58,Female,Pune,Self-Employed,Savings,2022-06-17
CUST02299,71,Male,Delhi,Salaried,Savings,2025-05-24
CUST02300,64,Male,Delhi,Salaried,Current,2021-08-24
CUST02301,31,Female,Mumbai,Salaried,Savings,2026-03-22
CUST02302,56,Male,Mumbai,Salaried,Salary,2021-08-12
CUST02303,42,Female,Ranchi,Retired,Current,2024-05-06
CUST02304,37,Female,Delhi,Salaried,Salary,2026-03-16
CUST02305,19,Female,Patna,Salaried,Savings,2022-08-04
CUST02306,56,Male,Bangalore,Salaried,Savings,2022-07-06
CUST02307,23,Other,Ranchi,Salaried,Savings,2023-01-30
CUST02308,34,Male,Hyderabad,Salaried,Savings,2025-09-25
CUST02309,42,Male,Ahmedabad,Self-Employed,Salary,2024-11-23
CUST02310,45,Male,Mumbai,Self-Employed,Savings,2023-05-29
CUST02311,19,Female,Ranchi,Salaried,Savings,2025-02-03
CUST02312,52,Female,Delhi,Freelancer,Savings,2020-07-08
CUST02313,54,Male,Delhi,Business,Savings,2022-09-20
CUST02314,22,Female,Mumbai,Business,Savings,2023-07-19
CUST02315,18,Male,Bangalore,Business,Savings,2020-06-30
CUST02316,57,Female,Patna,Self-Employed,Savings,2024-09-19
CUST02317,29,Male,Mumbai,Salaried,Salary,2025-07-03
CUST02318,53,Female,Hyderabad,Retired,Salary,2023-09-05
CUST02319,62,Male,Bangalore,Salaried,Salary,2025-02-28
CUST02320,40,Female,Bangalore,Self-Employed,Savings,2025-09-24
CUST02321,64,Female,Mumbai,Retired,Current,2024-08-21
CUST02322,48,Male,Delhi,Self-Employed,Salary,2025-10-25
CUST02323,28,Female,Patna,Self-Employed,Savings,2022-07-11
CUST02324,27,Male,Delhi,Business,Current,2022-02-21
CUST02325,20,Other,Mumbai,Self-Employed,Salary,2023-10-17
CUST02326,71,Female,Ranchi,Salaried,Savings,2023-12-22
CUST02327,31,Male,Mumbai,Salaried,Savings,2025-01-01
CUST02328,33,Female,Hyderabad,Salaried,Savings,2020-02-24
CUST02329,27,Female,Chennai,Freelancer,Savings,2025-06-17
CUST02330,46,Male,Hyderabad,Salaried,Savings,2024-12-16
CUST02331,27,Male,Bangalore,Student,Savings,2022-08-25
CUST02332,29,Male,Hyderabad,Student,Current,2021-02-19
CUST02333,47,Male,Bangalore,Business,Savings,2021-11-30
CUST02334,58,Male,Bangalore,Self-Employed,Current,2022-06-12
CUST02335,18,Female,Patna,Salaried,Savings,2021-02-14
CUST02336,22,Female,Ranchi,Salaried,Savings,2023-08-15
CUST02337,37,Male,Ranchi,Business,Salary,2023-09-10
CUST02338,25,Male,Mumbai,Retired,Current,2023-10-25
CUST02339,60,Female,Pune,Salaried,Savings,2020-06-23
CUST02340,29,Female,Ranchi,Retired,Savings,2023-07-27
CUST02341,18,Male,Patna,Retired,Savings,2024-12-07
CUST02342,71,Male,Pune,Business,Savings,2020-05-14
CUST02343,37,Male,Mumbai,Salaried,Savings,2024-01-04
CUST02344,45,Male,Delhi,Salaried,Savings,2021-06-04
CUST02345,60,Male,Bangalore,Salaried,Savings,2021-01-18
CUST02346,54,Female,Ranchi,Self-Employed,Savings,2025-11-19
CUST02347,64,Male,Kolkata,Salaried,Savings,2025-05-13
CUST02348,54,Female,Bangalore,Retired,Savings,2022-06-30
CUST02349,29,Male,Delhi,Salaried,Savings,2025-10-16
CUST02350,54,Male,Mumbai,Business,Salary,2023-01-26
CUST02351,66,Male,Patna,Retired,Savings,2023-02-21
CUST02352,66,Male,Hyderabad,Salaried,Savings,2022-12-14
CUST02353,61,Male,Delhi,Salaried,Savings,2020-07-02
CUST02354,45,Male,Bangalore,Student,Savings,2023-06-28
CUST02355,64,Male,Kolkata,Student,Savings,2024-02-14
CUST02356,32,Female,Ranchi,Freelancer,Savings,2025-09-16
CUST02357,23,Male,Mumbai,Freelancer,Salary,2026-01-10
CUST02358,61,Male,Hyderabad,Student,Savings,2022-05-07
CUST02359,37,Female,Pune,Salaried,Current,2021-03-04
CUST02360,67,Male,Bangalore,Student,Current,2020-11-08
CUST02361,31,Female,Mumbai,Salaried,Savings,2023-06-29
CUST02362,19,Female,Chennai,Salaried,Savings,2020-09-18
CUST02363,26,Female,Hyderabad,Salaried,Current,2023-06-17
CUST02364,54,Male,Mumbai,Business,Salary,2025-06-02
CUST02365,37,Other,Mumbai,Retired,Savings,2020-07-29
CUST02366,43,Male,Delhi,Salaried,Salary,2021-02-23
CUST02367,46,Male,Patna,Self-Employed,Savings,2021-09-16
CUST02368,18,Male,Bangalore,Student,Savings,2022-07-18
CUST02369,52,Female,Ranchi,Self-Employed,Salary,2023-08-14
CUST02370,23,Female,Hyderabad,Salaried,Salary,2020-07-20
CUST02371,54,Male,Delhi,Student,Savings,2022-03-23
CUST02372,70,Male,Bangalore,Business,Current,2024-06-28
CUST02373,22,Male,Bangalore,Salaried,Salary,2026-01-03
CUST02374,50,Female,Delhi,Business,Savings,2024-12-23
CUST02375,66,Male,Mumbai,Salaried,Savings,2021-04-11
CUST02376,68,Male,Hyderabad,Salaried,Savings,2023-08-21
CUST02377,31,Female,Mumbai,Salaried,Salary,2024-05-30
CUST02378,29,Male,Delhi,Retired,Savings,2025-12-26
CUST02379,59,Female,Hyderabad,Student,Savings,2020-11-01
CUST02380,37,Male,Ranchi,Self-Employed,Current,2020-06-02
CUST02381,70,Female,Mumbai,Self-Employed,Savings,2024-11-28
CUST02382,67,Male,Mumbai,Self-Employed,Savings,2025-01-18
CUST02383,41,Female,Chennai,Salaried,Savings,2025-01-02
CUST02384,60,Female,Hyderabad,Business,Savings,2026-01-11
CUST02385,51,Male,Mumbai,Salaried,Savings,2020-08-06
CUST02386,42,Male,Pune,Business,Salary,2021-08-05
CUST02387,67,Female,Hyderabad,Salaried,Salary,2022-08-08
CUST02388,46,Male,Patna,Self-Employed,Salary,2023-05-24
CUST02389,56,Male,Delhi,Salaried,Salary,2022-12-29
CUST02390,48,Male,Mumbai,Retired,Savings,2024-01-02
CUST02391,64,Male,Mumbai,Self-Employed,Savings,2024-10-12
CUST02392,60,Female,Ranchi,Salaried,Savings,2025-09-29
CUST02393,67,Male,Bangalore,Salaried,Savings,2023-04-10
CUST02394,40,Female,Kolkata,Retired,Savings,2022-12-14
CUST02395,61,Female,Ranchi,Salaried,Savings,2024-08-14
CUST02396,55,Female,Bangalore,Business,Savings,2025-04-21
CUST02397,37,Female,Hyderabad,Retired,Salary,2026-06-11
CUST02398,40,Male,Pune,Salaried,Salary,2023-04-16
CUST02399,62,Female,Mumbai,Self-Employed,Savings,2020-04-11
CUST02400,69,Female,Delhi,Salaried,Savings,2022-08-07
CUST02401,33,Female,Delhi,Self-Employed,Salary,2024-09-29
CUST02402,67,Female,Pune,Salaried,Salary,2024-10-16
CUST02403,59,Male,Hyderabad,Salaried,Savings,2023-05-06
CUST02404,25,Female,Mumbai,Student,Savings,2020-03-29
CUST02405,67,Male,Kolkata,Retired,Savings,2020-09-28
CUST02406,38,Male,Kolkata,Freelancer,Current,2024-11-04
CUST02407,18,Male,Ahmedabad,Self-Employed,Savings,2022-06-11
CUST02408,25,Male,Bangalore,Self-Employed,Savings,2021-07-05
CUST02409,46,Male,Mumbai,Salaried,Current,2023-07-31
CUST02410,49,Female,Bangalore,Freelancer,Salary,2025-05-19
CUST02411,55,Male,Ahmedabad,Self-Employed,Savings,2022-06-14
CUST02412,22,Male,Bangalore,Salaried,Savings,2025-08-04
CUST02413,64,Male,Mumbai,Salaried,Savings,2025-09-03
CUST02414,39,Male,Delhi,Student,Savings,2022-05-03
CUST02415,64,Male,Mumbai,Salaried,Savings,2021-05-02
CUST02416,51,Female,Hyderabad,Business,Salary,2023-12-25
CUST02417,18,Female,Ranchi,Student,Current,2025-08-02
CUST02418,43,Female,Delhi,Salaried,Savings,2024-02-08
CUST02419,60,Other,Ranchi,Self-Employed,Current,2025-01-29
CUST02420,27,Female,Delhi,Salaried,Salary,2021-10-18
CUST02421,47,Male,Delhi,Salaried,Savings,2021-08-26
CUST02422,67,Male,Bangalore,Self-Employed,Salary,2024-12-03
CUST02423,35,Male,Delhi,Salaried,Savings,2022-08-14
CUST02424,34,Male,Hyderabad,Retired,Savings,2021-03-03
CUST02425,43,Male,Chennai,Business,Savings,2025-09-16
CUST02426,25,Male,Mumbai,Salaried,Savings,2024-05-30
CUST02427,64,Male,Hyderabad,Salaried,Salary,2026-04-10
CUST02428,57,Male,Delhi,Salaried,Savings,2022-05-03
CUST02429,66,Female,Delhi,Self-Employed,Salary,2020-06-03
CUST02430,29,Female,Ahmedabad,Retired,Savings,2021-07-13
CUST02431,44,Male,Mumbai,Salaried,Savings,2026-05-02
CUST02432,25,Male,Ranchi,Freelancer,Salary,2020-12-29
CUST02433,42,Female,Ranchi,Retired,Savings,2023-09-19
CUST02434,63,Male,Patna,Salaried,Savings,2026-04-09
CUST02435,21,Female,Delhi,Salaried,Savings,2024-02-17
CUST02436,50,Male,Delhi,Self-Employed,Savings,2023-05-31
CUST02437,18,Male,Bangalore,Salaried,Savings,2021-11-01
CUST02438,36,Male,Hyderabad,Salaried,Savings,2022-07-17
CUST02439,48,Female,Ranchi,Salaried,Savings,2022-07-17
CUST02440,33,Male,Ranchi,Salaried,Salary,2021-12-18
CUST02441,31,Male,Delhi,Salaried,Savings,2023-05-14
CUST02442,70,Male,Delhi,Salaried,Salary,2021-01-05
CUST02443,65,Male,Pune,Business,Salary,2024-03-19
CUST02444,22,Male,Kolkata,Salaried,Salary,2024-03-07
CUST02445,58,Female,Mumbai,Student,Savings,2020-10-09
CUST02446,43,Female,Bangalore,Salaried,Savings,2026-03-02
CUST02447,45,Male,Delhi,Salaried,Savings,2023-11-22
CUST02448,19,Male,Ranchi,Self-Employed,Current,2022-11-07
CUST02449,67,Male,Pune,Self-Employed,Savings,2026-01-10
CUST02450,23,Female,Pune,Salaried,Savings,2022-10-10
CUST02451,26,Female,Ranchi,Freelancer,Salary,2024-11-07
CUST02452,50,Male,Kolkata,Salaried,Savings,2024-05-12
CUST02453,58,Female,Mumbai,Business,Savings,2020-04-08
CUST02454,42,Male,Hyderabad,Salaried,Salary,2025-03-26
CUST02455,65,Female,Patna,Self-Employed,Savings,2022-04-29
CUST02456,30,Male,Chennai,Self-Employed,Salary,2023-05-13
CUST02457,26,Other,Delhi,Salaried,Savings,2023-04-09
CUST02458,70,Male,Delhi,Retired,Savings,2024-04-23
CUST02459,30,Female,Hyderabad,Salaried,Salary,2025-04-12
CUST02460,48,Female,Kolkata,Salaried,Savings,2022-11-08
CUST02461,58,Male,Chennai,Salaried,Savings,2024-05-11
CUST02462,28,Other,Ahmedabad,Salaried,Current,2021-12-24
CUST02463,21,Male,Ahmedabad,Salaried,Salary,2021-05-16
CUST02464,51,Male,Pune,Self-Employed,Savings,2023-11-15
CUST02465,55,Female,Pune,Student,Savings,2026-06-02
CUST02466,63,Male,Ranchi,Business,Salary,2024-01-01
CUST02467,21,Other,Patna,Salaried,Savings,2026-02-09
CUST02468,55,Female,Chennai,Salaried,Salary,2023-03-06
CUST02469,36,Male,Hyderabad,Self-Employed,Salary,2020-12-03
CUST02470,23,Female,Delhi,Self-Employed,Current,2025-06-17
CUST02471,51,Female,Mumbai,Salaried,Savings,2023-01-01
CUST02472,35,Male,Mumbai,Self-Employed,Savings,2021-04-15
CUST02473,30,Female,Bangalore,Retired,Salary,2024-10-05
CUST02474,58,Female,Ahmedabad,Retired,Salary,2020-09-17
CUST02475,40,Male,Delhi,Self-Employed,Salary,2024-12-15
CUST02476,36,Male,Ranchi,Salaried,Savings,2020-01-13
CUST02477,62,Male,Bangalore,Self-Employed,Savings,2023-10-11
CUST02478,28,Male,Delhi,Salaried,Savings,2020-02-23
CUST02479,18,Male,Bangalore,Business,Current,2021-10-23
CUST02480,41,Male,Hyderabad,Business,Savings,2021-11-09
CUST02481,71,Male,Mumbai,Self-Employed,Savings,2020-11-11
CUST02482,24,Male,Ranchi,Salaried,Savings,2025-10-04
CUST02483,42,Male,Hyderabad,Freelancer,Current,2021-01-20
CUST02484,38,Female,Pune,Self-Employed,Savings,2024-07-14
CUST02485,32,Male,Pune,Retired,Salary,2026-05-01
CUST02486,18,Male,Ahmedabad,Salaried,Current,2026-03-10
CUST02487,29,Female,Pune,Self-Employed,Savings,2020-10-21
CUST02488,24,Other,Delhi,Salaried,Savings,2023-03-20
CUST02489,32,Female,Patna,Salaried,Current,2021-02-09
CUST02490,38,Male,Mumbai,Other / Unspecified,Savings,2022-07-22
CUST02491,36,Female,Kolkata,Salaried,Salary,2023-05-13
CUST02492,46,Female,Ranchi,Freelancer,Salary,2023-01-25
CUST02493,42,Female,Bangalore,Freelancer,Salary,2025-05-18
CUST02494,50,Other,Hyderabad,Retired,Savings,2024-05-02
CUST02495,66,Female,Kolkata,Salaried,Savings,2020-08-27
CUST02496,49,Male,Bangalore,Salaried,Savings,2022-11-11
CUST02497,66,Female,Bangalore,Student,Savings,2026-04-22
CUST02498,52,Male,Mumbai,Salaried,Savings,2022-04-13
CUST02499,61,Female,Mumbai,Self-Employed,Salary,2025-06-17
CUST02500,55,Female,Mumbai,Business,Savings,2025-01-16
CUST02501,43,Female,Kolkata,Self-Employed,Savings,2023-03-24
CUST02502,28,Female,Kolkata,Salaried,Savings,2020-04-15
CUST02503,52,Male,Bangalore,Salaried,Salary,2021-06-10
CUST02504,25,Female,Delhi,Student,Savings,2021-05-28
CUST02505,63,Male,Mumbai,Salaried,Salary,2026-01-04
CUST02506,31,Male,Chennai,Retired,Savings,2024-07-17
CUST02507,27,Male,Bangalore,Salaried,Salary,2023-03-28
CUST02508,19,Female,Ranchi,Salaried,Current,2022-09-15
CUST02509,63,Female,Delhi,Other / Unspecified,Savings,2022-04-04
CUST02510,26,Male,Delhi,Salaried,Salary,2020-04-27
CUST02511,20,Male,Pune,Salaried,Current,2021-09-12
CUST02512,38,Male,Mumbai,Salaried,Current,2024-10-05
CUST02513,43,Female,Delhi,Salaried,Savings,2023-11-25
CUST02514,25,Male,Pune,Salaried,Savings,2020-05-01
CUST02515,65,Female,Bangalore,Business,Savings,2026-06-13
CUST02516,19,Male,Chennai,Salaried,Savings,2024-04-23
CUST02517,23,Male,Mumbai,Salaried,Savings,2022-02-05
CUST02518,45,Female,Bangalore,Salaried,Salary,2021-04-22
CUST02519,70,Female,Patna,Salaried,Savings,2026-04-03
CUST02520,46,Female,Patna,Student,Savings,2022-02-11
CUST02521,43,Male,Mumbai,Business,Current,2024-08-29
CUST02522,42,Female,Mumbai,Self-Employed,Salary,2024-03-24
CUST02523,29,Male,Bangalore,Retired,Salary,2025-01-27
CUST02524,22,Male,Mumbai,Self-Employed,Savings,2025-02-25
CUST02525,51,Male,Bangalore,Business,Savings,2021-05-19
CUST02526,65,Male,Mumbai,Salaried,Savings,2024-03-26
CUST02527,54,Male,Mumbai,Self-Employed,Savings,2024-08-28
CUST02528,32,Male,Mumbai,Salaried,Savings,2024-08-22
CUST02529,61,Male,Hyderabad,Salaried,Savings,2024-11-18
CUST02530,53,Female,Mumbai,Salaried,Savings,2020-11-15
CUST02531,32,Male,Mumbai,Business,Savings,2020-01-07
CUST02532,60,Female,Delhi,Salaried,Savings,2021-07-25
CUST02533,65,Female,Delhi,Student,Salary,2023-07-07
CUST02534,40,Male,Kolkata,Business,Savings,2024-06-02
CUST02535,23,Male,Mumbai,Self-Employed,Savings,2022-09-12
CUST02536,63,Female,Patna,Salaried,Current,2023-02-12
CUST02537,67,Male,Pune,Salaried,Current,2021-12-13
CUST02538,61,Male,Bangalore,Self-Employed,Salary,2020-05-11
CUST02539,60,Female,Kolkata,Salaried,Salary,2021-07-04
CUST02540,62,Male,Hyderabad,Salaried,Salary,2021-06-08
CUST02541,38,Male,Chennai,Self-Employed,Savings,2021-07-01
CUST02542,40,Female,Patna,Salaried,Salary,2022-06-20
CUST02543,60,Male,Ranchi,Salaried,Savings,2023-01-05
CUST02544,33,Male,Ranchi,Business,Savings,2026-02-07
CUST02545,64,Female,Delhi,Salaried,Current,2020-06-11
CUST02546,70,Male,Delhi,Business,Savings,2020-10-23
CUST02547,32,Female,Mumbai,Salaried,Savings,2022-05-05
CUST02548,42,Male,Delhi,Business,Savings,2024-11-27
CUST02549,53,Female,Hyderabad,Self-Employed,Salary,2024-09-30
CUST02550,28,Male,Kolkata,Salaried,Savings,2026-03-18
CUST02551,68,Female,Delhi,Salaried,Savings,2022-06-23
CUST02552,32,Male,Kolkata,Business,Savings,2024-09-20
CUST02553,21,Female,Ahmedabad,Salaried,Savings,2025-06-22
CUST02554,38,Male,Ahmedabad,Salaried,Current,2024-01-06
CUST02555,30,Male,Hyderabad,Self-Employed,Salary,2020-03-07
CUST02556,39,Female,Hyderabad,Student,Savings,2021-01-19
CUST02557,36,Male,Pune,Salaried,Savings,2025-04-26
CUST02558,51,Male,Ranchi,Retired,Savings,2025-01-26
CUST02559,31,Male,Delhi,Salaried,Salary,2020-10-22
CUST02560,21,Female,Hyderabad,Retired,Current,2023-09-03
CUST02561,65,Male,Hyderabad,Self-Employed,Savings,2021-09-05
CUST02562,70,Female,Mumbai,Business,Salary,2023-05-31
CUST02563,69,Female,Mumbai,Student,Current,2023-02-04
CUST02564,63,Male,Bangalore,Business,Savings,2024-07-11
CUST02565,44,Male,Kolkata,Business,Savings,2021-05-07
CUST02566,46,Male,Mumbai,Salaried,Savings,2023-01-28
CUST02567,64,Male,Bangalore,Salaried,Salary,2023-04-18
CUST02568,45,Female,Hyderabad,Student,Salary,2020-04-20
CUST02569,52,Male,Patna,Salaried,Savings,2021-11-03
CUST02570,25,Female,Mumbai,Student,Savings,2022-05-15
CUST02571,33,Female,Delhi,Salaried,Savings,2022-10-01
CUST02572,59,Other,Hyderabad,Retired,Savings,2023-12-06
CUST02573,53,Male,Mumbai,Salaried,Savings,2020-09-13
CUST02574,47,Male,Bangalore,Salaried,Current,2025-02-18
CUST02575,35,Male,Hyderabad,Salaried,Savings,2023-05-30
CUST02576,19,Male,Hyderabad,Student,Current,2024-06-07
CUST02577,66,Female,Hyderabad,Salaried,Savings,2024-01-16
CUST02578,30,Male,Mumbai,Retired,Savings,2024-11-13
CUST02579,21,Male,Hyderabad,Self-Employed,Current,2023-06-12
CUST02580,43,Female,Mumbai,Student,Salary,2021-07-27
CUST02581,42,Male,Delhi,Self-Employed,Current,2024-03-23
CUST02582,47,Female,Hyderabad,Business,Savings,2020-08-03
CUST02583,28,Female,Kolkata,Salaried,Current,2021-03-26
CUST02584,24,Male,Delhi,Salaried,Salary,2026-03-01
CUST02585,48,Other,Mumbai,Self-Employed,Savings,2024-04-20
CUST02586,61,Male,Bangalore,Retired,Salary,2022-10-05
CUST02587,27,Male,Mumbai,Salaried,Current,2025-06-28
CUST02588,56,Male,Bangalore,Salaried,Savings,2021-06-09
CUST02589,30,Female,Patna,Self-Employed,Savings,2024-04-03
CUST02590,48,Male,Chennai,Self-Employed,Savings,2022-06-12
CUST02591,24,Female,Ranchi,Salaried,Savings,2020-09-29
CUST02592,66,Female,Hyderabad,Self-Employed,Current,2026-05-13
CUST02593,59,Male,Hyderabad,Self-Employed,Savings,2024-01-01
CUST02594,59,Male,Mumbai,Freelancer,Current,2024-04-11
CUST02595,53,Female,Mumbai,Business,Savings,2023-10-03
CUST02596,37,Female,Kolkata,Retired,Savings,2023-12-29
CUST02597,21,Male,Mumbai,Freelancer,Savings,2021-10-08
CUST02598,71,Male,Hyderabad,Business,Savings,2022-01-18
CUST02599,24,Female,Bangalore,Salaried,Savings,2025-06-13
CUST02600,71,Female,Mumbai,Salaried,Savings,2024-12-01
CUST02601,18,Male,Ranchi,Business,Current,2024-03-18
CUST02602,61,Female,Hyderabad,Salaried,Salary,2022-12-12
CUST02603,62,Male,Chennai,Salaried,Salary,2021-01-14
CUST02604,59,Male,Delhi,Salaried,Current,2023-05-08
CUST02605,64,Male,Chennai,Salaried,Savings,2020-07-03
CUST02606,30,Male,Mumbai,Salaried,Savings,2020-04-17
CUST02607,39,Female,Bangalore,Business,Savings,2022-06-05
CUST02608,71,Female,Bangalore,Student,Savings,2026-02-20
CUST02609,38,Female,Bangalore,Retired,Salary,2023-08-17
CUST02610,39,Female,Pune,Self-Employed,Savings,2020-01-11
CUST02611,45,Female,Ahmedabad,Salaried,Savings,2022-01-02
CUST02612,26,Female,Delhi,Retired,Savings,2023-10-02
CUST02613,43,Female,Mumbai,Freelancer,Salary,2023-11-07
CUST02614,26,Male,Bangalore,Retired,Savings,2020-09-17
CUST02615,32,Male,Delhi,Self-Employed,Savings,2022-05-03
CUST02616,27,Male,Patna,Retired,Savings,2023-01-15
CUST02617,41,Female,Bangalore,Freelancer,Current,2023-03-27
CUST02618,59,Male,Mumbai,Retired,Savings,2022-11-13
CUST02619,25,Male,Pune,Salaried,Savings,2026-02-28
CUST02620,41,Female,Patna,Salaried,Savings,2024-06-23
CUST02621,33,Female,Patna,Salaried,Salary,2025-05-24
CUST02622,66,Male,Bangalore,Salaried,Savings,2021-07-30
CUST02623,43,Male,Ranchi,Salaried,Savings,2022-01-09
CUST02624,44,Male,Kolkata,Freelancer,Savings,2025-12-24
CUST02625,54,Female,Mumbai,Business,Savings,2026-01-04
CUST02626,21,Male,Delhi,Business,Savings,2022-07-25
CUST02627,67,Female,Ranchi,Other / Unspecified,Savings,2026-06-03
CUST02628,41,Other,Ahmedabad,Salaried,Salary,2020-01-04
CUST02629,36,Female,Delhi,Business,Salary,2023-05-16
CUST02630,53,Male,Delhi,Retired,Savings,2025-04-04
CUST02631,56,Female,Kolkata,Salaried,Salary,2022-09-14
CUST02632,27,Female,Ranchi,Self-Employed,Current,2022-08-14
CUST02633,42,Male,Ranchi,Business,Savings,2020-09-27
CUST02634,35,Female,Bangalore,Salaried,Savings,2022-11-01
CUST02635,36,Female,Delhi,Retired,Savings,2024-01-19
CUST02636,53,Female,Pune,Salaried,Salary,2023-02-04
CUST02637,27,Female,Mumbai,Salaried,Current,2024-03-28
CUST02638,50,Male,Delhi,Student,Salary,2020-12-08
CUST02639,67,Male,Patna,Salaried,Savings,2024-03-11
CUST02640,22,Male,Bangalore,Salaried,Current,2025-05-29
CUST02641,64,Male,Mumbai,Self-Employed,Savings,2023-04-12
CUST02642,66,Male,Ranchi,Retired,Salary,2022-03-21
CUST02643,52,Female,Chennai,Self-Employed,Current,2021-09-01
CUST02644,61,Male,Pune,Retired,Savings,2024-01-04
CUST02645,51,Female,Patna,Salaried,Savings,2021-01-15
CUST02646,50,Male,Delhi,Salaried,Current,2021-04-13
CUST02647,38,Male,Mumbai,Salaried,Savings,2022-12-03
CUST02648,34,Female,Kolkata,Salaried,Savings,2025-02-18
CUST02649,39,Male,Mumbai,Salaried,Salary,2025-11-24
CUST02650,65,Male,Bangalore,Salaried,Savings,2025-10-18
CUST02651,54,Female,Chennai,Business,Current,2025-03-26
CUST02652,32,Male,Bangalore,Business,Savings,2023-07-21
CUST02653,52,Male,Bangalore,Self-Employed,Salary,2022-05-25
CUST02654,45,Male,Kolkata,Salaried,Salary,2020-09-17
CUST02655,24,Male,Delhi,Self-Employed,Savings,2021-07-02
CUST02656,49,Female,Ranchi,Salaried,Savings,2020-02-03
CUST02657,28,Male,Patna,Freelancer,Current,2023-03-31
CUST02658,27,Male,Ranchi,Self-Employed,Savings,2020-02-27
CUST02659,26,Female,Mumbai,Business,Salary,2023-08-12
CUST02660,31,Female,Hyderabad,Salaried,Savings,2023-03-15
CUST02661,30,Female,Bangalore,Salaried,Salary,2022-09-25
CUST02662,42,Male,Pune,Retired,Salary,2024-12-10
CUST02663,19,Female,Pune,Salaried,Savings,2025-07-22
CUST02664,52,Female,Mumbai,Salaried,Current,2024-11-18
CUST02665,24,Female,Bangalore,Business,Current,2024-10-06
CUST02666,38,Male,Hyderabad,Business,Current,2021-01-23
CUST02667,35,Male,Delhi,Salaried,Salary,2025-10-05
CUST02668,20,Male,Pune,Student,Savings,2022-03-06
CUST02669,59,Male,Mumbai,Student,Salary,2020-07-31
CUST02670,71,Female,Kolkata,Business,Savings,2025-12-04
CUST02671,56,Male,Kolkata,Salaried,Savings,2024-03-11
CUST02672,58,Female,Delhi,Salaried,Salary,2025-08-18
CUST02673,66,Female,Bangalore,Retired,Savings,2020-07-30
CUST02674,28,Male,Hyderabad,Business,Salary,2020-09-01
CUST02675,56,Female,Delhi,Self-Employed,Savings,2021-02-13
CUST02676,41,Female,Delhi,Self-Employed,Current,2026-01-04
CUST02677,63,Male,Pune,Salaried,Salary,2025-05-21
CUST02678,36,Female,Hyderabad,Retired,Savings,2022-09-23
CUST02679,21,Male,Mumbai,Retired,Salary,2020-12-17
CUST02680,43,Female,Pune,Salaried,Current,2023-07-02
CUST02681,55,Female,Delhi,Business,Savings,2022-04-24
CUST02682,59,Male,Bangalore,Salaried,Current,2020-12-11
CUST02683,49,Male,Mumbai,Self-Employed,Savings,2023-08-22
CUST02684,56,Female,Chennai,Salaried,Savings,2021-01-12
CUST02685,62,Male,Delhi,Student,Savings,2020-09-22
CUST02686,63,Female,Pune,Student,Savings,2022-10-21
CUST02687,53,Female,Delhi,Salaried,Current,2022-07-26
CUST02688,57,Male,Bangalore,Salaried,Savings,2024-11-09
CUST02689,54,Female,Delhi,Salaried,Savings,2025-05-25
CUST02690,50,Male,Pune,Salaried,Savings,2025-12-30
CUST02691,53,Male,Kolkata,Student,Savings,2024-08-16
CUST02692,20,Female,Hyderabad,Business,Savings,2021-11-30
CUST02693,26,Female,Delhi,Student,Salary,2021-03-01
CUST02694,25,Male,Bangalore,Salaried,Salary,2020-03-01
CUST02695,50,Male,Ahmedabad,Salaried,Current,2025-06-13
CUST02696,23,Male,Bangalore,Student,Current,2026-02-24
CUST02697,58,Male,Ahmedabad,Student,Savings,2020-11-13
CUST02698,56,Female,Ranchi,Self-Employed,Savings,2026-02-25
CUST02699,21,Male,Patna,Salaried,Current,2025-02-11
CUST02700,30,Male,Hyderabad,Self-Employed,Savings,2021-02-02
CUST02701,66,Male,Mumbai,Student,Savings,2020-07-04
CUST02702,19,Female,Mumbai,Self-Employed,Savings,2024-07-18
CUST02703,22,Female,Delhi,Student,Savings,2025-11-18
CUST02704,61,Male,Bangalore,Business,Current,2023-08-04
CUST02705,44,Male,Mumbai,Salaried,Current,2024-09-29
CUST02706,49,Male,Ranchi,Salaried,Savings,2023-05-18
CUST02707,38,Female,Kolkata,Business,Salary,2021-06-11
CUST02708,25,Male,Hyderabad,Salaried,Savings,2023-09-16
CUST02709,55,Male,Mumbai,Business,Savings,2025-02-03
CUST02710,25,Male,Hyderabad,Salaried,Savings,2020-08-04
CUST02711,67,Male,Pune,Salaried,Current,2024-07-23
CUST02712,20,Female,Mumbai,Freelancer,Current,2026-02-22
CUST02713,71,Female,Ranchi,Salaried,Savings,2020-01-10
CUST02714,61,Female,Patna,Business,Savings,2021-08-07
CUST02715,20,Female,Pune,Salaried,Savings,2024-10-18
CUST02716,39,Female,Mumbai,Salaried,Current,2026-06-26
CUST02717,23,Male,Hyderabad,Salaried,Salary,2022-03-21
CUST02718,19,Male,Mumbai,Salaried,Current,2022-09-28
CUST02719,40,Male,Ranchi,Self-Employed,Savings,2020-10-22
CUST02720,61,Female,Bangalore,Self-Employed,Savings,2024-03-04
CUST02721,19,Male,Delhi,Salaried,Current,2022-12-14
CUST02722,55,Male,Chennai,Freelancer,Savings,2022-01-04
CUST02723,34,Male,Patna,Self-Employed,Savings,2022-03-14
CUST02724,52,Male,Hyderabad,Salaried,Salary,2020-02-20
CUST02725,51,Female,Pune,Salaried,Savings,2024-07-13
CUST02726,40,Male,Delhi,Business,Savings,2020-05-16
CUST02727,47,Female,Ranchi,Student,Savings,2020-08-04
CUST02728,69,Other,Patna,Salaried,Salary,2022-01-26
CUST02729,25,Female,Delhi,Salaried,Savings,2022-03-10
CUST02730,39,Male,Bangalore,Salaried,Current,2020-08-10
CUST02731,61,Male,Mumbai,Salaried,Savings,2022-01-27
CUST02732,53,Male,Ranchi,Salaried,Savings,2025-08-19
CUST02733,22,Female,Hyderabad,Salaried,Savings,2024-11-03
CUST02734,30,Male,Kolkata,Self-Employed,Savings,2023-10-05
CUST02735,46,Female,Delhi,Freelancer,Savings,2023-10-04
CUST02736,48,Male,Mumbai,Business,Savings,2020-03-18
CUST02737,64,Male,Delhi,Business,Savings,2023-08-30
CUST02738,33,Female,Ranchi,Salaried,Savings,2021-07-19
CUST02739,59,Male,Kolkata,Salaried,Savings,2021-11-19
CUST02740,47,Female,Delhi,Salaried,Savings,2023-03-26
CUST02741,33,Male,Kolkata,Freelancer,Savings,2021-01-26
CUST02742,29,Female,Hyderabad,Salaried,Savings,2021-01-27
CUST02743,34,Male,Hyderabad,Self-Employed,Savings,2023-03-30
CUST02744,33,Female,Kolkata,Self-Employed,Savings,2021-09-20
CUST02745,29,Male,Kolkata,Self-Employed,Current,2020-04-21
CUST02746,25,Female,Pune,Self-Employed,Savings,2024-07-11
CUST02747,37,Female,Mumbai,Salaried,Current,2024-08-01
CUST02748,20,Male,Delhi,Salaried,Savings,2025-05-21
CUST02749,33,Male,Ranchi,Student,Savings,2020-05-30
CUST02750,47,Male,Ranchi,Business,Salary,2021-02-26
CUST02751,62,Male,Hyderabad,Self-Employed,Savings,2023-07-14
CUST02752,40,Male,Hyderabad,Business,Current,2020-11-04
CUST02753,45,Female,Chennai,Freelancer,Savings,2022-11-14
CUST02754,68,Female,Mumbai,Salaried,Salary,2023-08-02
CUST02755,57,Female,Delhi,Business,Savings,2026-05-08
CUST02756,71,Male,Patna,Salaried,Savings,2021-08-03
CUST02757,22,Female,Mumbai,Salaried,Savings,2020-03-19
CUST02758,37,Female,Ahmedabad,Salaried,Savings,2021-01-25
CUST02759,57,Female,Mumbai,Business,Savings,2024-07-03
CUST02760,61,Male,Delhi,Self-Employed,Savings,2024-10-04
CUST02761,18,Male,Kolkata,Student,Savings,2022-10-20
CUST02762,47,Male,Delhi,Salaried,Savings,2022-04-22
CUST02763,38,Male,Pune,Business,Savings,2025-10-28
CUST02764,37,Male,Hyderabad,Business,Savings,2021-07-30
CUST02765,23,Other,Hyderabad,Salaried,Savings,2021-06-11
CUST02766,39,Female,Delhi,Business,Savings,2021-07-09
CUST02767,35,Male,Delhi,Salaried,Current,2021-07-13
CUST02768,25,Female,Mumbai,Self-Employed,Savings,2023-02-12
CUST02769,56,Female,Patna,Retired,Current,2020-06-02
CUST02770,49,Male,Mumbai,Salaried,Current,2020-05-09
CUST02771,50,Female,Bangalore,Business,Savings,2023-08-01
CUST02772,70,Male,Delhi,Business,Salary,2022-08-08
CUST02773,33,Female,Delhi,Other / Unspecified,Current,2021-06-18
CUST02774,29,Male,Bangalore,Salaried,Salary,2022-01-24
CUST02775,55,Male,Chennai,Student,Savings,2021-12-22
CUST02776,69,Male,Patna,Self-Employed,Savings,2020-07-12
CUST02777,51,Female,Delhi,Business,Savings,2024-03-05
CUST02778,31,Male,Mumbai,Self-Employed,Savings,2024-03-27
CUST02779,53,Female,Delhi,Self-Employed,Salary,2021-07-26
CUST02780,50,Male,Mumbai,Business,Salary,2020-04-22
CUST02781,40,Female,Mumbai,Salaried,Salary,2021-01-26
CUST02782,67,Male,Mumbai,Freelancer,Current,2020-07-08
CUST02783,62,Male,Mumbai,Salaried,Salary,2020-11-05
CUST02784,19,Male,Ranchi,Self-Employed,Current,2021-04-11
CUST02785,58,Female,Hyderabad,Salaried,Savings,2022-04-30
CUST02786,38,Female,Kolkata,Salaried,Savings,2022-11-14
CUST02787,19,Female,Mumbai,Self-Employed,Savings,2025-12-28
CUST02788,44,Male,Ranchi,Self-Employed,Current,2023-06-10
CUST02789,26,Male,Delhi,Retired,Savings,2022-05-06
CUST02790,18,Male,Delhi,Student,Savings,2022-07-04
CUST02791,28,Male,Bangalore,Freelancer,Salary,2026-06-16
CUST02792,20,Female,Ahmedabad,Self-Employed,Current,2021-02-17
CUST02793,69,Female,Patna,Retired,Current,2022-02-27
CUST02794,40,Male,Bangalore,Self-Employed,Savings,2022-07-22
CUST02795,43,Male,Ahmedabad,Salaried,Savings,2021-12-14
CUST02796,21,Male,Pune,Business,Savings,2024-01-29
CUST02797,35,Male,Delhi,Salaried,Savings,2022-01-13
CUST02798,23,Male,Chennai,Salaried,Savings,2025-10-18
CUST02799,52,Female,Bangalore,Salaried,Savings,2024-03-31
CUST02800,39,Male,Ahmedabad,Salaried,Salary,2021-04-23
CUST02801,60,Male,Kolkata,Freelancer,Current,2022-05-29
CUST02802,32,Male,Kolkata,Self-Employed,Savings,2021-10-10
CUST02803,39,Male,Ahmedabad,Salaried,Savings,2022-09-23
CUST02804,54,Male,Kolkata,Salaried,Salary,2022-11-07
CUST02805,69,Female,Mumbai,Business,Savings,2023-10-06
CUST02806,59,Female,Bangalore,Business,Savings,2024-08-13
CUST02807,29,Female,Pune,Salaried,Salary,2023-03-06
CUST02808,64,Male,Mumbai,Self-Employed,Savings,2023-09-27
CUST02809,66,Female,Pune,Salaried,Current,2021-06-01
CUST02810,59,Male,Mumbai,Salaried,Savings,2022-06-06
CUST02811,55,Male,Mumbai,Salaried,Savings,2023-05-31
CUST02812,35,Male,Bangalore,Salaried,Savings,2022-01-30
CUST02813,62,Male,Bangalore,Salaried,Savings,2025-08-12
CUST02814,52,Male,Mumbai,Salaried,Savings,2024-06-25
CUST02815,47,Female,Kolkata,Salaried,Current,2023-05-07
CUST02816,41,Male,Delhi,Salaried,Savings,2023-05-05
CUST02817,59,Other,Bangalore,Freelancer,Savings,2024-12-18
CUST02818,47,Male,Ahmedabad,Self-Employed,Savings,2024-10-19
CUST02819,31,Male,Delhi,Salaried,Savings,2020-01-21
CUST02820,23,Male,Bangalore,Other / Unspecified,Salary,2021-12-10
CUST02821,20,Female,Pune,Business,Salary,2022-12-16
CUST02822,33,Male,Delhi,Salaried,Savings,2025-09-28
CUST02823,24,Male,Hyderabad,Retired,Salary,2024-10-27
CUST02824,69,Female,Hyderabad,Salaried,Savings,2024-10-24
CUST02825,31,Male,Bangalore,Freelancer,Savings,2022-03-02
CUST02826,26,Male,Ranchi,Salaried,Current,2023-01-01
CUST02827,32,Female,Mumbai,Freelancer,Savings,2021-12-13
CUST02828,38,Other,Delhi,Salaried,Salary,2020-08-11
CUST02829,52,Male,Delhi,Salaried,Savings,2023-12-31
CUST02830,19,Female,Delhi,Self-Employed,Savings,2022-10-10
CUST02831,44,Male,Ranchi,Salaried,Savings,2024-11-26
CUST02832,19,Female,Chennai,Salaried,Current,2025-02-01
CUST02833,52,Female,Bangalore,Retired,Savings,2025-04-23
CUST02834,35,Female,Chennai,Student,Savings,2022-09-20
CUST02835,31,Male,Hyderabad,Salaried,Current,2023-02-07
CUST02836,37,Female,Mumbai,Salaried,Salary,2026-06-04
CUST02837,35,Male,Delhi,Salaried,Savings,2026-03-03
CUST02838,27,Male,Kolkata,Salaried,Savings,2024-01-16
CUST02839,42,Female,Hyderabad,Self-Employed,Salary,2021-12-27
CUST02840,19,Male,Bangalore,Business,Savings,2025-04-16
CUST02841,42,Male,Ahmedabad,Salaried,Savings,2022-08-08
CUST02842,71,Female,Kolkata,Salaried,Savings,2023-12-30
CUST02843,50,Female,Delhi,Salaried,Current,2024-07-15
CUST02844,53,Male,Ranchi,Salaried,Savings,2021-01-12
CUST02845,48,Male,Pune,Business,Current,2023-10-02
CUST02846,31,Male,Mumbai,Student,Savings,2021-12-28
CUST02847,18,Male,Delhi,Student,Savings,2024-04-20
CUST02848,63,Female,Bangalore,Salaried,Current,2024-07-13
CUST02849,33,Female,Pune,Freelancer,Savings,2024-02-28
CUST02850,71,Male,Kolkata,Salaried,Current,2023-09-23
CUST02851,63,Male,Delhi,Salaried,Savings,2026-04-23
CUST02852,69,Female,Kolkata,Salaried,Savings,2020-09-28
CUST02853,20,Male,Kolkata,Salaried,Savings,2022-12-31
CUST02854,52,Male,Bangalore,Salaried,Savings,2025-06-21
CUST02855,58,Male,Mumbai,Salaried,Savings,2024-05-16
CUST02856,23,Male,Mumbai,Student,Savings,2021-10-07
CUST02857,42,Female,Mumbai,Salaried,Savings,2024-02-23
CUST02858,30,Male,Ranchi,Retired,Salary,2022-10-05
CUST02859,70,Female,Pune,Freelancer,Salary,2025-09-23
CUST02860,51,Male,Ranchi,Business,Savings,2020-09-05
CUST02861,25,Male,Delhi,Self-Employed,Salary,2024-09-02
CUST02862,38,Male,Bangalore,Self-Employed,Savings,2024-09-01
CUST02863,51,Female,Patna,Salaried,Savings,2023-05-14
CUST02864,21,Male,Delhi,Salaried,Savings,2021-03-07
CUST02865,42,Male,Patna,Salaried,Savings,2022-12-27
CUST02866,32,Male,Bangalore,Salaried,Savings,2025-04-20
CUST02867,21,Male,Hyderabad,Self-Employed,Salary,2024-02-22
CUST02868,62,Female,Chennai,Freelancer,Savings,2022-06-16
CUST02869,29,Male,Delhi,Salaried,Savings,2022-10-17
CUST02870,49,Female,Ranchi,Self-Employed,Savings,2024-07-14
CUST02871,49,Female,Hyderabad,Salaried,Savings,2024-02-28
CUST02872,45,Female,Mumbai,Student,Savings,2021-10-14
CUST02873,30,Other,Hyderabad,Self-Employed,Salary,2023-03-27
CUST02874,48,Female,Delhi,Self-Employed,Salary,2024-12-13
CUST02875,31,Male,Delhi,Salaried,Current,2023-01-14
CUST02876,37,Male,Delhi,Self-Employed,Savings,2024-06-01
CUST02877,35,Male,Delhi,Salaried,Savings,2024-11-13
CUST02878,46,Female,Mumbai,Business,Savings,2023-07-25
CUST02879,23,Male,Bangalore,Self-Employed,Salary,2022-08-13
CUST02880,49,Male,Delhi,Salaried,Savings,2023-10-16
CUST02881,46,Male,Hyderabad,Self-Employed,Savings,2022-05-03
CUST02882,60,Male,Patna,Self-Employed,Salary,2026-04-17
CUST02883,19,Male,Ahmedabad,Retired,Savings,2024-07-28
CUST02884,40,Female,Mumbai,Freelancer,Current,2021-06-05
CUST02885,36,Female,Delhi,Salaried,Savings,2026-06-19
CUST02886,48,Male,Mumbai,Salaried,Current,2026-03-08
CUST02887,68,Other,Bangalore,Business,Salary,2023-10-20
CUST02888,22,Male,Hyderabad,Business,Savings,2022-10-20
CUST02889,36,Female,Hyderabad,Salaried,Savings,2021-09-23
CUST02890,51,Other,Hyderabad,Salaried,Savings,2023-04-01
CUST02891,27,Female,Hyderabad,Student,Salary,2022-04-09
CUST02892,42,Male,Ranchi,Salaried,Salary,2024-05-09
CUST02893,19,Female,Mumbai,Salaried,Savings,2025-07-15
CUST02894,28,Male,Pune,Self-Employed,Savings,2021-09-09
CUST02895,67,Female,Hyderabad,Salaried,Current,2023-05-04
CUST02896,48,Female,Chennai,Student,Current,2021-02-26
CUST02897,32,Male,Bangalore,Other / Unspecified,Savings,2023-10-19
CUST02898,26,Other,Delhi,Salaried,Savings,2025-04-28
CUST02899,40,Male,Hyderabad,Salaried,Savings,2020-12-01
CUST02900,36,Female,Delhi,Salaried,Savings,2021-10-03
CUST02901,26,Female,Mumbai,Freelancer,Savings,2025-02-17
CUST02902,52,Male,Mumbai,Self-Employed,Savings,2024-09-09
CUST02903,38,Female,Mumbai,Self-Employed,Savings,2022-03-15
CUST02904,26,Female,Bangalore,Student,Salary,2026-02-18
CUST02905,45,Male,Ranchi,Self-Employed,Salary,2022-07-08
CUST02906,63,Female,Patna,Freelancer,Current,2023-08-20
CUST02907,68,Female,Mumbai,Self-Employed,Savings,2023-01-16
CUST02908,24,Female,Delhi,Salaried,Current,2022-05-20
CUST02909,33,Female,Delhi,Business,Savings,2023-03-19
CUST02910,33,Male,Ranchi,Business,Salary,2024-08-09
CUST02911,50,Female,Bangalore,Salaried,Savings,2026-02-24
CUST02912,21,Female,Hyderabad,Business,Savings,2023-09-07
CUST02913,21,Female,Bangalore,Salaried,Savings,2025-08-10
CUST02914,56,Female,Chennai,Business,Savings,2024-10-23
CUST02915,57,Male,Chennai,Salaried,Salary,2022-10-06
CUST02916,34,Other,Ahmedabad,Student,Savings,2026-06-24
CUST02917,54,Female,Mumbai,Salaried,Savings,2020-04-17
CUST02918,56,Male,Mumbai,Salaried,Current,2024-08-18
CUST02919,69,Male,Kolkata,Salaried,Savings,2021-02-18
CUST02920,46,Male,Bangalore,Salaried,Savings,2024-05-29
CUST02921,69,Male,Mumbai,Business,Savings,2026-01-14
CUST02922,53,Male,Ranchi,Business,Savings,2021-08-25
CUST02923,55,Male,Chennai,Salaried,Salary,2023-04-27
CUST02924,56,Male,Mumbai,Self-Employed,Savings,2026-05-05
CUST02925,67,Male,Bangalore,Retired,Savings,2025-04-10
CUST02926,54,Female,Delhi,Salaried,Savings,2022-08-26
CUST02927,69,Male,Mumbai,Self-Employed,Current,2026-02-15
CUST02928,52,Male,Delhi,Self-Employed,Savings,2020-11-12
CUST02929,24,Female,Pune,Self-Employed,Savings,2024-08-27
CUST02930,44,Female,Hyderabad,Business,Savings,2021-01-28
CUST02931,45,Female,Bangalore,Salaried,Salary,2023-12-22
CUST02932,39,Male,Mumbai,Salaried,Savings,2022-07-08
CUST02933,31,Male,Kolkata,Salaried,Savings,2025-08-10
CUST02934,24,Female,Kolkata,Business,Savings,2020-12-07
CUST02935,54,Female,Kolkata,Self-Employed,Savings,2021-02-19
CUST02936,39,Female,Chennai,Salaried,Savings,2024-05-31
CUST02937,22,Female,Hyderabad,Salaried,Savings,2025-10-11
CUST02938,19,Female,Delhi,Freelancer,Salary,2022-03-16
CUST02939,44,Female,Ranchi,Salaried,Savings,2025-03-06
CUST02940,38,Male,Hyderabad,Student,Savings,2020-12-28
CUST02941,71,Female,Bangalore,Self-Employed,Savings,2020-04-29
CUST02942,55,Male,Kolkata,Salaried,Salary,2022-09-29
CUST02943,32,Male,Kolkata,Salaried,Savings,2020-04-04
CUST02944,38,Male,Kolkata,Business,Current,2025-07-29
CUST02945,27,Male,Delhi,Self-Employed,Savings,2022-05-02
CUST02946,40,Male,Mumbai,Self-Employed,Savings,2025-04-25
CUST02947,56,Female,Kolkata,Self-Employed,Savings,2021-06-19
CUST02948,22,Female,Delhi,Salaried,Current,2024-04-03
CUST02949,18,Female,Bangalore,Salaried,Savings,2020-08-29
CUST02950,30,Female,Chennai,Student,Salary,2025-04-15
CUST02951,38,Male,Pune,Salaried,Salary,2021-11-11
CUST02952,43,Female,Ranchi,Salaried,Savings,2020-01-17
CUST02953,67,Female,Hyderabad,Self-Employed,Savings,2021-01-25
CUST02954,62,Female,Kolkata,Self-Employed,Savings,2023-01-26
CUST02955,38,Female,Pune,Retired,Savings,2026-01-05
CUST02956,70,Male,Mumbai,Salaried,Savings,2024-10-01
CUST02957,35,Female,Bangalore,Business,Salary,2025-05-28
CUST02958,54,Male,Pune,Salaried,Salary,2026-03-18
CUST02959,62,Male,Bangalore,Salaried,Savings,2020-03-19
CUST02960,49,Female,Delhi,Salaried,Savings,2026-03-27
CUST02961,53,Male,Mumbai,Salaried,Salary,2021-07-27
CUST02962,34,Female,Hyderabad,Self-Employed,Salary,2024-05-02
CUST02963,52,Female,Delhi,Retired,Savings,2023-01-31
CUST02964,66,Female,Delhi,Other / Unspecified,Salary,2026-06-08
CUST02965,28,Male,Ahmedabad,Business,Savings,2022-05-01
CUST02966,38,Other,Kolkata,Freelancer,Savings,2021-04-27
CUST02967,69,Female,Mumbai,Salaried,Savings,2021-06-23
CUST02968,70,Male,Delhi,Salaried,Savings,2021-05-16
CUST02969,43,Female,Mumbai,Business,Savings,2023-03-15
CUST02970,21,Female,Pune,Self-Employed,Savings,2024-06-19
CUST02971,51,Female,Hyderabad,Self-Employed,Savings,2022-03-15
CUST02972,69,Male,Patna,Self-Employed,Savings,2023-05-04
CUST02973,65,Female,Bangalore,Self-Employed,Savings,2024-12-15
CUST02974,35,Female,Hyderabad,Salaried,Savings,2024-06-13
CUST02975,57,Male,Mumbai,Salaried,Salary,2022-01-23
CUST02976,52,Female,Patna,Student,Savings,2023-08-17
CUST02977,58,Male,Hyderabad,Other / Unspecified,Savings,2023-02-12
CUST02978,46,Other,Chennai,Salaried,Salary,2021-08-13
CUST02979,69,Male,Mumbai,Salaried,Savings,2026-06-26
CUST02980,46,Female,Delhi,Retired,Current,2021-11-04
CUST02981,55,Male,Ahmedabad,Salaried,Savings,2024-05-10
CUST02982,59,Female,Hyderabad,Salaried,Salary,2023-04-29
CUST02983,38,Female,Ranchi,Self-Employed,Savings,2023-11-11
CUST02984,59,Female,Ranchi,Self-Employed,Savings,2024-07-18
CUST02985,30,Male,Kolkata,Salaried,Savings,2022-04-20
CUST02986,66,Male,Bangalore,Student,Savings,2022-02-22
CUST02987,58,Male,Kolkata,Salaried,Current,2021-03-21
CUST02988,34,Male,Hyderabad,Salaried,Savings,2025-02-27
CUST02989,26,Male,Delhi,Salaried,Savings,2021-07-22
CUST02990,58,Male,Mumbai,Salaried,Savings,2023-05-16
CUST02991,18,Male,Kolkata,Salaried,Savings,2020-02-16
CUST02992,19,Male,Delhi,Other / Unspecified,Savings,2022-05-31
CUST02993,65,Female,Delhi,Self-Employed,Current,2024-06-07
CUST02994,46,Female,Chennai,Salaried,Salary,2026-06-03
CUST02995,50,Female,Mumbai,Business,Savings,2022-12-10
CUST02996,27,Male,Hyderabad,Business,Salary,2025-09-02
CUST02997,67,Male,Delhi,Salaried,Salary,2020-11-23
CUST02998,57,Male,Ranchi,Business,Savings,2021-03-25
CUST02999,38,Male,Delhi,Self-Employed,Current,2022-01-13
CUST03000,45,Male,Hyderabad,Business,Salary,2024-08-21
CUST03001,28,Female,Delhi,Business,Current,2024-04-18
CUST03002,51,Female,Pune,Self-Employed,Current,2023-04-11
CUST03003,25,Female,Mumbai,Salaried,Salary,2026-05-12
CUST03004,39,Male,Bangalore,Self-Employed,Savings,2025-02-27
CUST03005,25,Male,Bangalore,Salaried,Savings,2020-12-28
CUST03006,66,Female,Pune,Self-Employed,Current,2024-08-06
CUST03007,32,Male,Delhi,Salaried,Salary,2025-01-23
CUST03008,34,Male,Delhi,Business,Savings,2020-04-14
CUST03009,40,Female,Mumbai,Self-Employed,Salary,2024-08-13
CUST03010,41,Male,Delhi,Salaried,Savings,2026-03-05
CUST03011,62,Male,Mumbai,Retired,Current,2022-07-07
CUST03012,36,Male,Bangalore,Salaried,Savings,2022-06-13
CUST03013,22,Female,Mumbai,Salaried,Salary,2023-09-08
CUST03014,49,Male,Kolkata,Self-Employed,Savings,2022-06-22
CUST03015,61,Female,Patna,Retired,Savings,2021-03-30
CUST03016,18,Male,Ranchi,Business,Salary,2020-05-14
CUST03017,40,Female,Hyderabad,Salaried,Savings,2021-03-05
CUST03018,54,Female,Ranchi,Self-Employed,Salary,2024-05-14
CUST03019,25,Male,Bangalore,Self-Employed,Savings,2021-03-16
CUST03020,30,Male,Ahmedabad,Salaried,Savings,2021-11-26
CUST03021,25,Female,Patna,Salaried,Current,2023-12-04
CUST03022,40,Male,Bangalore,Self-Employed,Salary,2026-05-28
CUST03023,60,Female,Ranchi,Salaried,Salary,2020-04-22
CUST03024,18,Male,Bangalore,Salaried,Savings,2021-04-10
CUST03025,62,Male,Ahmedabad,Salaried,Salary,2024-07-01
CUST03026,68,Male,Hyderabad,Salaried,Savings,2022-10-08
CUST03027,41,Male,Chennai,Salaried,Savings,2026-05-14
CUST03028,52,Female,Mumbai,Salaried,Savings,2023-01-19
CUST03029,41,Female,Mumbai,Self-Employed,Savings,2020-05-18
CUST03030,34,Female,Mumbai,Business,Current,2020-11-29
CUST03031,22,Male,Mumbai,Self-Employed,Current,2022-03-08
CUST03032,37,Male,Pune,Salaried,Current,2022-07-16
CUST03033,38,Male,Ahmedabad,Salaried,Current,2022-08-06
CUST03034,57,Male,Hyderabad,Salaried,Savings,2023-01-19
CUST03035,48,Female,Chennai,Student,Savings,2023-01-18
CUST03036,63,Female,Kolkata,Business,Salary,2022-06-01
CUST03037,53,Male,Mumbai,Student,Savings,2025-05-04
CUST03038,28,Male,Ranchi,Salaried,Savings,2024-09-13
CUST03039,69,Male,Mumbai,Self-Employed,Savings,2025-05-28
CUST03040,32,Male,Mumbai,Business,Savings,2022-04-20
CUST03041,36,Female,Patna,Student,Savings,2023-01-25
CUST03042,24,Female,Mumbai,Other / Unspecified,Salary,2025-12-25
CUST03043,68,Male,Kolkata,Retired,Savings,2021-02-15
CUST03044,45,Male,Hyderabad,Student,Salary,2023-02-26
CUST03045,68,Male,Pune,Salaried,Savings,2020-07-05
CUST03046,60,Male,Patna,Salaried,Savings,2026-04-26
CUST03047,22,Male,Bangalore,Self-Employed,Savings,2026-02-12
CUST03048,22,Female,Pune,Self-Employed,Savings,2022-12-22
CUST03049,47,Male,Delhi,Retired,Savings,2020-12-28
CUST03050,71,Male,Kolkata,Salaried,Current,2020-09-11
CUST03051,49,Male,Hyderabad,Self-Employed,Current,2020-10-18
CUST03052,25,Female,Mumbai,Salaried,Savings,2024-11-13
CUST03053,27,Male,Bangalore,Salaried,Savings,2025-07-14
CUST03054,55,Male,Kolkata,Salaried,Salary,2022-06-05
CUST03055,64,Male,Mumbai,Salaried,Savings,2020-06-03
CUST03056,49,Female,Mumbai,Self-Employed,Salary,2020-10-29
CUST03057,65,Male,Delhi,Business,Savings,2022-10-25
CUST03058,45,Male,Ahmedabad,Business,Savings,2026-02-07
CUST03059,34,Male,Chennai,Self-Employed,Savings,2021-01-08
CUST03060,48,Male,Hyderabad,Salaried,Current,2021-02-28
CUST03061,25,Male,Ranchi,Business,Savings,2024-06-28
CUST03062,57,Male,Mumbai,Retired,Salary,2020-02-12
CUST03063,42,Male,Ranchi,Self-Employed,Savings,2023-03-04
CUST03064,26,Female,Hyderabad,Self-Employed,Savings,2026-06-26
CUST03065,19,Female,Mumbai,Business,Savings,2020-12-06
CUST03066,32,Male,Mumbai,Business,Savings,2020-04-12
CUST03067,67,Male,Bangalore,Retired,Salary,2020-07-13
CUST03068,20,Male,Mumbai,Salaried,Savings,2023-06-30
CUST03069,66,Female,Bangalore,Salaried,Savings,2021-10-23
CUST03070,53,Female,Patna,Salaried,Savings,2020-06-07
CUST03071,21,Female,Mumbai,Salaried,Current,2021-09-08
CUST03072,31,Female,Chennai,Salaried,Salary,2025-12-09
CUST03073,58,Female,Chennai,Salaried,Savings,2026-04-20
CUST03074,58,Male,Ahmedabad,Salaried,Savings,2024-09-04
CUST03075,42,Male,Pune,Salaried,Savings,2024-09-04
CUST03076,67,Female,Pune,Salaried,Salary,2021-05-02
CUST03077,27,Male,Hyderabad,Business,Current,2024-07-13
CUST03078,38,Female,Delhi,Freelancer,Savings,2026-02-07
CUST03079,53,Male,Delhi,Salaried,Savings,2020-05-15
CUST03080,29,Male,Patna,Salaried,Savings,2020-10-23
CUST03081,44,Female,Bangalore,Self-Employed,Salary,2020-06-11
CUST03082,57,Female,Bangalore,Freelancer,Current,2022-10-06
CUST03083,19,Male,Pune,Business,Salary,2023-04-10
CUST03084,71,Female,Bangalore,Salaried,Current,2021-08-14
CUST03085,30,Female,Patna,Salaried,Salary,2021-05-14
CUST03086,70,Female,Hyderabad,Business,Savings,2022-04-01
CUST03087,49,Female,Delhi,Salaried,Savings,2022-11-22
CUST03088,48,Male,Kolkata,Salaried,Savings,2025-08-17
CUST03089,33,Female,Bangalore,Salaried,Savings,2023-09-10
CUST03090,49,Male,Pune,Salaried,Current,2023-05-23
CUST03091,49,Other,Delhi,Self-Employed,Savings,2026-03-17
CUST03092,51,Female,Mumbai,Retired,Salary,2022-12-05
CUST03093,28,Female,Patna,Freelancer,Savings,2021-09-30
CUST03094,27,Male,Kolkata,Retired,Salary,2020-09-02
CUST03095,32,Male,Delhi,Salaried,Current,2022-05-08
CUST03096,34,Other,Delhi,Self-Employed,Salary,2023-07-31
CUST03097,57,Male,Hyderabad,Freelancer,Savings,2022-03-19
CUST03098,35,Other,Kolkata,Business,Salary,2020-11-01
CUST03099,26,Female,Patna,Retired,Savings,2024-10-08
CUST03100,42,Female,Mumbai,Retired,Current,2020-09-08
CUST03101,57,Male,Kolkata,Salaried,Savings,2025-05-12
CUST03102,31,Female,Delhi,Salaried,Salary,2026-05-05
CUST03103,42,Female,Chennai,Business,Savings,2021-01-28
CUST03104,67,Male,Pune,Self-Employed,Current,2025-06-12
CUST03105,39,Male,Hyderabad,Retired,Savings,2021-02-12
CUST03106,69,Male,Delhi,Business,Savings,2022-04-21
CUST03107,47,Male,Delhi,Salaried,Savings,2026-02-04
CUST03108,37,Male,Mumbai,Salaried,Current,2024-04-14
CUST03109,38,Male,Pune,Self-Employed,Savings,2020-08-28
CUST03110,61,Female,Patna,Salaried,Salary,2020-11-23
CUST03111,49,Female,Patna,Business,Salary,2023-08-19
CUST03112,68,Female,Bangalore,Salaried,Savings,2025-05-22
CUST03113,63,Male,Hyderabad,Salaried,Savings,2021-02-09
CUST03114,66,Male,Patna,Salaried,Savings,2020-12-19
CUST03115,38,Male,Kolkata,Salaried,Savings,2025-07-22
CUST03116,52,Male,Pune,Salaried,Salary,2021-04-20
CUST03117,49,Female,Chennai,Other / Unspecified,Savings,2022-04-12
CUST03118,47,Female,Hyderabad,Salaried,Current,2021-07-07
CUST03119,56,Female,Bangalore,Salaried,Savings,2021-02-04
CUST03120,66,Female,Kolkata,Retired,Savings,2023-06-21
CUST03121,29,Female,Mumbai,Business,Salary,2020-03-07
CUST03122,58,Male,Kolkata,Freelancer,Savings,2021-07-08
CUST03123,64,Male,Hyderabad,Student,Savings,2023-05-27
CUST03124,35,Male,Mumbai,Business,Savings,2025-03-15
CUST03125,38,Male,Kolkata,Business,Salary,2020-01-18
CUST03126,30,Male,Bangalore,Salaried,Savings,2021-10-23
CUST03127,38,Male,Pune,Salaried,Current,2025-11-03
CUST03128,25,Male,Hyderabad,Business,Savings,2026-03-25
CUST03129,63,Female,Delhi,Freelancer,Current,2020-12-27
CUST03130,57,Male,Patna,Salaried,Savings,2023-03-31
CUST03131,63,Male,Patna,Business,Savings,2021-01-11
CUST03132,24,Male,Patna,Student,Savings,2021-05-03
CUST03133,40,Female,Hyderabad,Freelancer,Current,2021-06-26
CUST03134,61,Female,Chennai,Salaried,Salary,2025-12-25
CUST03135,49,Male,Hyderabad,Self-Employed,Savings,2025-02-24
CUST03136,28,Female,Patna,Student,Savings,2023-05-10
CUST03137,39,Male,Mumbai,Self-Employed,Savings,2023-07-22
CUST03138,39,Male,Pune,Business,Current,2021-07-13
CUST03139,60,Female,Chennai,Business,Savings,2025-06-07
CUST03140,42,Female,Bangalore,Business,Savings,2020-11-03
CUST03141,39,Female,Ranchi,Business,Savings,2022-05-22
CUST03142,45,Male,Ranchi,Salaried,Savings,2024-11-21
CUST03143,46,Female,Bangalore,Salaried,Savings,2025-05-05
CUST03144,30,Male,Pune,Salaried,Savings,2025-09-20
CUST03145,35,Male,Ahmedabad,Student,Salary,2024-02-18
CUST03146,19,Male,Mumbai,Self-Employed,Savings,2025-07-03
CUST03147,46,Female,Mumbai,Salaried,Current,2024-04-07
CUST03148,38,Male,Kolkata,Retired,Salary,2023-04-21
CUST03149,32,Female,Hyderabad,Business,Savings,2024-10-21
CUST03150,69,Male,Bangalore,Self-Employed,Salary,2022-02-07
CUST03151,44,Female,Bangalore,Salaried,Current,2020-10-20
CUST03152,67,Male,Delhi,Self-Employed,Savings,2022-09-05
CUST03153,48,Female,Mumbai,Salaried,Salary,2026-03-19
CUST03154,32,Male,Bangalore,Self-Employed,Salary,2020-11-22
CUST03155,68,Male,Mumbai,Salaried,Savings,2020-06-02
CUST03156,40,Female,Patna,Freelancer,Salary,2025-08-07
CUST03157,41,Male,Chennai,Business,Salary,2023-05-20
CUST03158,61,Male,Hyderabad,Salaried,Savings,2021-03-31
CUST03159,30,Female,Bangalore,Business,Current,2024-04-01
CUST03160,39,Female,Mumbai,Retired,Current,2021-05-15
CUST03161,60,Female,Bangalore,Business,Salary,2026-06-23
CUST03162,54,Female,Patna,Salaried,Savings,2023-03-18
CUST03163,50,Female,Kolkata,Freelancer,Savings,2021-11-24
CUST03164,20,Male,Hyderabad,Salaried,Savings,2022-10-18
CUST03165,71,Male,Kolkata,Salaried,Savings,2021-09-13
CUST03166,36,Male,Bangalore,Salaried,Savings,2021-05-02
CUST03167,40,Male,Delhi,Retired,Savings,2023-11-27
CUST03168,46,Male,Ahmedabad,Self-Employed,Savings,2023-03-09
CUST03169,47,Female,Patna,Self-Employed,Current,2020-07-15
CUST03170,56,Female,Ahmedabad,Self-Employed,Salary,2020-11-07
CUST03171,61,Male,Kolkata,Business,Savings,2022-08-30
CUST03172,64,Male,Mumbai,Retired,Savings,2020-12-03
CUST03173,42,Female,Hyderabad,Salaried,Savings,2023-10-06
CUST03174,54,Female,Bangalore,Retired,Salary,2022-06-11
CUST03175,64,Male,Kolkata,Freelancer,Salary,2023-09-19
CUST03176,25,Male,Mumbai,Salaried,Current,2020-07-29
CUST03177,59,Female,Ahmedabad,Salaried,Savings,2024-08-10
CUST03178,33,Female,Mumbai,Self-Employed,Savings,2024-11-09
CUST03179,25,Male,Hyderabad,Business,Savings,2022-01-29
CUST03180,18,Female,Delhi,Student,Savings,2024-05-10
CUST03181,61,Male,Hyderabad,Self-Employed,Salary,2020-09-29
CUST03182,22,Female,Hyderabad,Freelancer,Savings,2024-07-23
CUST03183,20,Male,Kolkata,Business,Savings,2026-02-22
CUST03184,18,Male,Ranchi,Student,Savings,2022-11-03
CUST03185,21,Male,Pune,Salaried,Current,2023-11-11
CUST03186,57,Female,Delhi,Student,Current,2023-10-12
CUST03187,52,Male,Mumbai,Retired,Savings,2021-11-15
CUST03188,49,Female,Mumbai,Freelancer,Salary,2023-08-16
CUST03189,59,Female,Ahmedabad,Self-Employed,Savings,2021-12-19
CUST03190,51,Male,Kolkata,Self-Employed,Salary,2025-07-28
CUST03191,60,Male,Pune,Other / Unspecified,Salary,2023-07-01
CUST03192,42,Female,Ahmedabad,Salaried,Current,2020-11-03
CUST03193,27,Female,Bangalore,Self-Employed,Savings,2020-01-09
CUST03194,38,Female,Mumbai,Retired,Savings,2021-07-23
CUST03195,63,Male,Kolkata,Business,Savings,2024-01-28
CUST03196,56,Male,Ahmedabad,Business,Salary,2023-03-05
CUST03197,44,Male,Hyderabad,Business,Savings,2025-06-15
CUST03198,44,Female,Mumbai,Self-Employed,Savings,2020-09-23
CUST03199,19,Female,Bangalore,Salaried,Salary,2025-03-25
CUST03200,58,Female,Delhi,Student,Savings,2026-02-01
CUST03201,65,Female,Kolkata,Salaried,Savings,2023-02-04
CUST03202,30,Female,Delhi,Retired,Savings,2025-11-02
CUST03203,26,Male,Pune,Self-Employed,Savings,2025-11-23
CUST03204,69,Male,Mumbai,Student,Savings,2024-01-10
CUST03205,53,Male,Patna,Salaried,Savings,2024-10-10
CUST03206,39,Female,Hyderabad,Salaried,Savings,2024-05-18
CUST03207,59,Female,Bangalore,Salaried,Savings,2023-03-02
CUST03208,43,Male,Hyderabad,Business,Savings,2025-09-06
CUST03209,71,Female,Pune,Salaried,Salary,2026-05-24
CUST03210,29,Female,Kolkata,Self-Employed,Savings,2022-06-23
CUST03211,34,Female,Mumbai,Self-Employed,Savings,2020-08-27
CUST03212,31,Male,Delhi,Student,Savings,2020-05-05
CUST03213,31,Male,Patna,Retired,Savings,2024-02-21
CUST03214,51,Female,Kolkata,Salaried,Savings,2021-03-10
CUST03215,70,Male,Delhi,Salaried,Salary,2023-10-27
CUST03216,37,Female,Patna,Business,Savings,2024-11-07
CUST03217,28,Female,Delhi,Self-Employed,Current,2025-01-23
CUST03218,33,Male,Hyderabad,Salaried,Savings,2023-11-25
CUST03219,68,Male,Hyderabad,Salaried,Savings,2024-07-04
CUST03220,48,Male,Ranchi,Salaried,Salary,2022-05-02
CUST03221,23,Male,Hyderabad,Freelancer,Savings,2024-02-06
CUST03222,36,Male,Bangalore,Salaried,Savings,2024-01-31
CUST03223,54,Female,Kolkata,Salaried,Savings,2025-08-29
CUST03224,21,Female,Ahmedabad,Student,Salary,2023-04-28
CUST03225,64,Male,Patna,Self-Employed,Savings,2021-08-19
CUST03226,21,Male,Chennai,Salaried,Savings,2022-01-24
CUST03227,37,Male,Mumbai,Student,Savings,2025-01-10
CUST03228,27,Female,Pune,Salaried,Savings,2020-12-19
CUST03229,41,Female,Chennai,Salaried,Salary,2025-02-09
CUST03230,71,Male,Patna,Salaried,Savings,2021-10-01
CUST03231,52,Female,Ahmedabad,Salaried,Current,2024-05-15
CUST03232,43,Female,Delhi,Business,Savings,2024-07-13
CUST03233,54,Male,Ranchi,Salaried,Savings,2021-06-29
CUST03234,55,Male,Ahmedabad,Salaried,Savings,2024-01-21
CUST03235,38,Male,Kolkata,Freelancer,Savings,2024-07-17
CUST03236,71,Other,Bangalore,Salaried,Salary,2024-02-12
CUST03237,57,Female,Ahmedabad,Salaried,Savings,2020-04-16
CUST03238,56,Female,Bangalore,Salaried,Savings,2022-11-26
CUST03239,38,Male,Mumbai,Business,Salary,2024-04-16
CUST03240,27,Female,Ranchi,Other / Unspecified,Savings,2020-02-02
CUST03241,55,Female,Delhi,Salaried,Current,2025-05-05
CUST03242,63,Male,Mumbai,Salaried,Savings,2020-04-02
CUST03243,21,Male,Kolkata,Salaried,Salary,2020-06-24
CUST03244,62,Female,Chennai,Self-Employed,Savings,2020-12-05
CUST03245,37,Female,Kolkata,Self-Employed,Savings,2023-04-19
CUST03246,34,Female,Mumbai,Self-Employed,Savings,2023-01-29
CUST03247,24,Female,Kolkata,Salaried,Salary,2021-03-31
CUST03248,21,Female,Hyderabad,Self-Employed,Salary,2022-06-30
CUST03249,46,Female,Kolkata,Salaried,Current,2020-01-21
CUST03250,31,Female,Hyderabad,Salaried,Savings,2024-03-28
CUST03251,20,Female,Pune,Salaried,Savings,2025-09-16
CUST03252,41,Female,Kolkata,Business,Savings,2024-09-20
CUST03253,54,Other,Delhi,Student,Current,2022-01-07
CUST03254,33,Male,Kolkata,Salaried,Current,2022-12-03
CUST03255,69,Male,Mumbai,Self-Employed,Savings,2020-06-14
CUST03256,21,Male,Patna,Salaried,Savings,2025-09-27
CUST03257,41,Male,Patna,Business,Savings,2024-12-28
CUST03258,51,Female,Mumbai,Self-Employed,Current,2021-02-24
CUST03259,47,Female,Kolkata,Salaried,Savings,2020-01-22
CUST03260,35,Male,Bangalore,Freelancer,Savings,2020-01-15
CUST03261,36,Female,Ranchi,Self-Employed,Salary,2024-08-13
CUST03262,48,Male,Bangalore,Salaried,Current,2024-08-02
CUST03263,36,Male,Bangalore,Salaried,Current,2026-01-26
CUST03264,66,Female,Delhi,Self-Employed,Salary,2020-08-29
CUST03265,63,Female,Hyderabad,Retired,Savings,2023-01-18
CUST03266,36,Female,Hyderabad,Self-Employed,Savings,2021-02-14
CUST03267,39,Male,Delhi,Self-Employed,Savings,2025-06-13
CUST03268,41,Female,Mumbai,Salaried,Savings,2021-07-09
CUST03269,62,Female,Kolkata,Business,Savings,2026-01-05
CUST03270,29,Female,Mumbai,Business,Savings,2021-07-30
CUST03271,47,Male,Bangalore,Retired,Savings,2020-02-01
CUST03272,55,Male,Patna,Self-Employed,Savings,2025-04-16
CUST03273,70,Male,Ranchi,Business,Savings,2024-07-27
CUST03274,48,Male,Pune,Salaried,Savings,2021-11-21
CUST03275,53,Female,Hyderabad,Freelancer,Current,2022-02-26
CUST03276,36,Female,Delhi,Salaried,Current,2025-08-16
CUST03277,65,Male,Hyderabad,Salaried,Savings,2021-03-31
CUST03278,62,Female,Ranchi,Business,Savings,2021-05-13
CUST03279,53,Male,Bangalore,Student,Savings,2023-12-09
CUST03280,47,Male,Bangalore,Salaried,Salary,2021-10-22
CUST03281,66,Male,Hyderabad,Salaried,Current,2021-07-27
CUST03282,50,Female,Mumbai,Salaried,Savings,2022-07-28
CUST03283,35,Male,Bangalore,Salaried,Salary,2021-08-08
CUST03284,69,Female,Bangalore,Student,Savings,2026-03-11
CUST03285,66,Male,Kolkata,Business,Salary,2021-08-29
CUST03286,45,Male,Hyderabad,Retired,Savings,2022-01-11
CUST03287,64,Male,Patna,Salaried,Salary,2021-12-17
CUST03288,28,Female,Hyderabad,Self-Employed,Current,2026-03-27
CUST03289,71,Male,Ahmedabad,Self-Employed,Savings,2021-09-26
CUST03290,62,Female,Pune,Business,Savings,2023-03-08
CUST03291,50,Female,Delhi,Salaried,Current,2020-02-23
CUST03292,34,Female,Bangalore,Retired,Salary,2026-01-04
CUST03293,23,Male,Delhi,Business,Current,2023-02-11
CUST03294,21,Female,Bangalore,Salaried,Savings,2025-04-13
CUST03295,37,Male,Hyderabad,Self-Employed,Salary,2023-08-31
CUST03296,65,Female,Patna,Business,Savings,2021-09-29
CUST03297,64,Male,Patna,Self-Employed,Savings,2025-11-24
CUST03298,44,Male,Delhi,Retired,Salary,2022-02-27
CUST03299,32,Male,Delhi,Salaried,Savings,2024-01-06
CUST03300,23,Female,Bangalore,Salaried,Savings,2023-05-02
CUST03301,64,Male,Pune,Salaried,Current,2020-05-10
CUST03302,31,Male,Ranchi,Salaried,Savings,2020-01-06
CUST03303,28,Male,Ahmedabad,Salaried,Savings,2023-01-22
CUST03304,56,Female,Bangalore,Salaried,Savings,2021-01-12
CUST03305,26,Female,Mumbai,Student,Savings,2020-06-08
CUST03306,43,Male,Bangalore,Salaried,Savings,2026-03-20
CUST03307,33,Male,Mumbai,Self-Employed,Savings,2023-01-02
CUST03308,22,Female,Chennai,Salaried,Savings,2025-01-26
CUST03309,69,Female,Ranchi,Business,Salary,2021-04-19
CUST03310,27,Male,Delhi,Student,Savings,2022-07-23
CUST03311,67,Female,Chennai,Retired,Current,2024-03-07
CUST03312,20,Male,Bangalore,Business,Savings,2021-02-20
CUST03313,30,Female,Hyderabad,Salaried,Salary,2021-04-17
CUST03314,60,Male,Kolkata,Salaried,Salary,2022-10-05
CUST03315,66,Male,Mumbai,Salaried,Savings,2023-11-22
CUST03316,47,Female,Bangalore,Business,Savings,2020-05-01
CUST03317,71,Male,Kolkata,Student,Savings,2023-07-11
CUST03318,62,Female,Bangalore,Salaried,Salary,2022-03-06
CUST03319,23,Male,Ahmedabad,Salaried,Savings,2023-07-29
CUST03320,34,Female,Mumbai,Business,Current,2024-12-19
CUST03321,62,Male,Bangalore,Retired,Salary,2021-08-19
CUST03322,68,Female,Delhi,Salaried,Savings,2021-11-05
CUST03323,70,Female,Patna,Salaried,Savings,2025-12-13
CUST03324,36,Male,Hyderabad,Business,Salary,2021-06-21
CUST03325,59,Female,Delhi,Retired,Current,2020-02-01
CUST03326,52,Male,Delhi,Self-Employed,Current,2024-11-23
CUST03327,63,Male,Delhi,Salaried,Savings,2023-03-30
CUST03328,43,Male,Hyderabad,Salaried,Savings,2021-04-26
CUST03329,68,Male,Chennai,Business,Savings,2024-01-12
CUST03330,22,Male,Bangalore,Salaried,Savings,2025-06-27
CUST03331,46,Male,Delhi,Self-Employed,Savings,2026-03-29
CUST03332,54,Female,Mumbai,Business,Savings,2020-06-16
CUST03333,37,Male,Patna,Self-Employed,Current,2025-03-17
CUST03334,66,Female,Bangalore,Salaried,Savings,2025-11-17
CUST03335,38,Female,Ranchi,Self-Employed,Savings,2022-09-11
CUST03336,27,Male,Delhi,Salaried,Savings,2020-04-29
CUST03337,22,Female,Mumbai,Self-Employed,Savings,2021-06-06
CUST03338,53,Male,Pune,Salaried,Savings,2026-01-22
CUST03339,23,Male,Mumbai,Salaried,Savings,2020-03-11
CUST03340,43,Male,Patna,Salaried,Savings,2020-10-25
CUST03341,21,Female,Delhi,Retired,Savings,2020-04-07
CUST03342,56,Male,Mumbai,Salaried,Savings,2023-05-14
CUST03343,56,Female,Kolkata,Salaried,Current,2021-02-23
CUST03344,67,Male,Bangalore,Retired,Savings,2023-03-24
CUST03345,52,Male,Ranchi,Retired,Current,2023-09-11
CUST03346,18,Female,Hyderabad,Student,Salary,2022-09-20
CUST03347,41,Female,Ahmedabad,Salaried,Salary,2023-05-19
CUST03348,53,Male,Kolkata,Salaried,Savings,2020-11-12
CUST03349,23,Female,Delhi,Self-Employed,Salary,2023-09-25
CUST03350,58,Other,Mumbai,Business,Salary,2021-06-01
CUST03351,71,Male,Kolkata,Salaried,Savings,2025-09-22
CUST03352,63,Female,Hyderabad,Freelancer,Salary,2021-01-26
CUST03353,61,Male,Bangalore,Salaried,Savings,2022-12-11
CUST03354,48,Male,Mumbai,Salaried,Salary,2023-03-25
CUST03355,37,Female,Delhi,Salaried,Savings,2025-04-07
CUST03356,41,Female,Ahmedabad,Business,Savings,2026-03-26
CUST03357,42,Male,Mumbai,Salaried,Salary,2024-08-06
CUST03358,53,Male,Ranchi,Salaried,Savings,2025-02-03
CUST03359,38,Female,Bangalore,Self-Employed,Current,2023-03-24
CUST03360,47,Male,Ranchi,Salaried,Savings,2021-06-11
CUST03361,41,Female,Patna,Salaried,Savings,2026-03-05
CUST03362,61,Female,Patna,Salaried,Current,2020-05-29
CUST03363,59,Male,Bangalore,Business,Savings,2021-12-18
CUST03364,47,Male,Ranchi,Salaried,Savings,2020-12-14
CUST03365,39,Female,Kolkata,Salaried,Savings,2025-09-19
CUST03366,45,Male,Mumbai,Business,Salary,2026-03-25
CUST03367,24,Female,Mumbai,Salaried,Savings,2022-07-03
CUST03368,52,Male,Delhi,Other / Unspecified,Savings,2020-04-02
CUST03369,45,Male,Pune,Self-Employed,Current,2024-04-28
CUST03370,31,Male,Delhi,Salaried,Savings,2022-06-28
CUST03371,27,Other,Ranchi,Retired,Savings,2023-11-11
CUST03372,33,Female,Mumbai,Salaried,Savings,2025-07-31
CUST03373,33,Female,Ahmedabad,Retired,Salary,2026-04-09
CUST03374,71,Male,Mumbai,Student,Current,2020-04-12
CUST03375,48,Female,Patna,Student,Savings,2022-07-20
CUST03376,59,Male,Chennai,Salaried,Savings,2025-03-18
CUST03377,42,Male,Delhi,Self-Employed,Savings,2026-04-05
CUST03378,30,Male,Hyderabad,Self-Employed,Salary,2021-04-17
CUST03379,23,Male,Delhi,Salaried,Savings,2021-08-20
CUST03380,61,Male,Hyderabad,Salaried,Savings,2021-02-02
CUST03381,26,Female,Mumbai,Self-Employed,Savings,2022-06-27
CUST03382,62,Female,Bangalore,Self-Employed,Savings,2024-12-26
CUST03383,53,Male,Kolkata,Student,Savings,2022-10-23
CUST03384,60,Female,Pune,Salaried,Savings,2022-09-08
CUST03385,37,Female,Bangalore,Salaried,Savings,2024-07-06
CUST03386,35,Male,Bangalore,Self-Employed,Current,2026-06-16
CUST03387,60,Female,Pune,Student,Salary,2020-02-26
CUST03388,38,Male,Delhi,Salaried,Savings,2023-07-30
CUST03389,21,Female,Chennai,Self-Employed,Savings,2023-09-21
CUST03390,67,Male,Mumbai,Freelancer,Savings,2026-03-13
CUST03391,50,Female,Mumbai,Self-Employed,Salary,2023-08-16
CUST03392,44,Male,Hyderabad,Salaried,Savings,2023-11-11
CUST03393,24,Male,Ahmedabad,Business,Current,2025-07-12
CUST03394,23,Male,Bangalore,Student,Current,2024-03-04
CUST03395,32,Male,Bangalore,Salaried,Savings,2026-06-01
CUST03396,35,Male,Pune,Salaried,Savings,2023-06-07
CUST03397,49,Male,Mumbai,Salaried,Savings,2020-03-26
CUST03398,28,Male,Patna,Salaried,Savings,2026-02-09
CUST03399,37,Male,Ranchi,Salaried,Salary,2023-02-13
CUST03400,41,Female,Bangalore,Student,Current,2022-02-03
CUST03401,32,Male,Delhi,Business,Salary,2026-06-16
CUST03402,65,Male,Patna,Salaried,Salary,2020-01-03
CUST03403,24,Male,Mumbai,Other / Unspecified,Savings,2024-09-12
CUST03404,38,Male,Hyderabad,Retired,Savings,2024-10-26
CUST03405,59,Female,Ranchi,Salaried,Salary,2026-05-09
CUST03406,43,Male,Hyderabad,Self-Employed,Salary,2020-07-19
CUST03407,61,Male,Ahmedabad,Student,Savings,2023-05-05
CUST03408,31,Female,Kolkata,Business,Salary,2024-01-11
CUST03409,54,Female,Delhi,Salaried,Current,2021-09-19
CUST03410,38,Female,Bangalore,Self-Employed,Salary,2025-10-30
CUST03411,35,Female,Kolkata,Business,Savings,2026-02-03
CUST03412,22,Male,Delhi,Retired,Salary,2024-10-23
CUST03413,20,Male,Ahmedabad,Self-Employed,Savings,2020-03-01
CUST03414,40,Male,Hyderabad,Business,Current,2024-03-25
CUST03415,43,Female,Bangalore,Salaried,Savings,2020-09-30
CUST03416,54,Male,Delhi,Self-Employed,Savings,2020-07-17
CUST03417,41,Male,Mumbai,Salaried,Salary,2024-05-10
CUST03418,66,Male,Chennai,Business,Salary,2023-09-20
CUST03419,36,Other,Pune,Salaried,Salary,2024-09-17
CUST03420,68,Male,Hyderabad,Salaried,Current,2025-02-25
CUST03421,42,Male,Delhi,Salaried,Current,2022-09-12
CUST03422,38,Male,Pune,Salaried,Savings,2022-08-14
CUST03423,29,Male,Chennai,Retired,Savings,2025-01-26
CUST03424,58,Male,Mumbai,Salaried,Savings,2023-01-24
CUST03425,50,Male,Mumbai,Self-Employed,Savings,2024-02-29
CUST03426,67,Female,Patna,Salaried,Salary,2024-12-23
CUST03427,70,Male,Ranchi,Salaried,Savings,2020-06-26
CUST03428,21,Female,Hyderabad,Self-Employed,Salary,2020-12-05
CUST03429,59,Male,Chennai,Student,Savings,2024-06-22
CUST03430,24,Female,Delhi,Retired,Current,2023-07-27
CUST03431,39,Male,Ranchi,Salaried,Current,2021-08-12
CUST03432,50,Female,Hyderabad,Self-Employed,Savings,2024-12-24
CUST03433,34,Female,Bangalore,Salaried,Savings,2024-08-24
CUST03434,41,Male,Bangalore,Salaried,Savings,2021-01-16
CUST03435,51,Male,Pune,Retired,Savings,2022-07-01
CUST03436,45,Male,Ahmedabad,Self-Employed,Savings,2024-09-09
CUST03437,60,Female,Mumbai,Salaried,Savings,2026-04-13
CUST03438,58,Female,Bangalore,Student,Salary,2020-10-10
CUST03439,56,Male,Hyderabad,Business,Savings,2023-05-09
CUST03440,39,Female,Mumbai,Business,Savings,2026-03-10
CUST03441,66,Male,Bangalore,Retired,Current,2020-08-27
CUST03442,34,Male,Ahmedabad,Self-Employed,Current,2021-07-27
CUST03443,51,Female,Pune,Business,Savings,2024-01-05
CUST03444,23,Male,Kolkata,Other / Unspecified,Savings,2022-06-19
CUST03445,63,Male,Mumbai,Self-Employed,Current,2020-03-24
CUST03446,23,Female,Bangalore,Salaried,Current,2025-09-28
CUST03447,51,Female,Pune,Self-Employed,Salary,2023-02-22
CUST03448,18,Female,Hyderabad,Salaried,Savings,2022-03-07
CUST03449,27,Female,Kolkata,Self-Employed,Salary,2025-05-15
CUST03450,38,Male,Kolkata,Self-Employed,Savings,2024-06-20
CUST03451,22,Female,Hyderabad,Salaried,Savings,2021-10-20
CUST03452,19,Male,Delhi,Salaried,Current,2024-06-17
CUST03453,39,Female,Hyderabad,Salaried,Savings,2023-04-26
CUST03454,65,Male,Chennai,Salaried,Savings,2023-01-08
CUST03455,19,Male,Hyderabad,Self-Employed,Savings,2023-05-19
CUST03456,27,Female,Pune,Salaried,Savings,2025-02-26
CUST03457,51,Female,Bangalore,Retired,Savings,2025-08-05
CUST03458,33,Female,Bangalore,Retired,Salary,2022-01-08
CUST03459,65,Male,Bangalore,Self-Employed,Savings,2023-08-16
CUST03460,68,Male,Ahmedabad,Salaried,Savings,2020-02-07
CUST03461,56,Male,Kolkata,Salaried,Current,2025-12-17
CUST03462,39,Male,Pune,Student,Savings,2023-03-01
CUST03463,29,Female,Bangalore,Self-Employed,Current,2022-01-24
CUST03464,41,Female,Delhi,Salaried,Savings,2022-09-11
CUST03465,64,Female,Ranchi,Salaried,Savings,2021-07-30
CUST03466,57,Male,Hyderabad,Salaried,Savings,2022-10-23
CUST03467,55,Female,Bangalore,Business,Savings,2021-12-14
CUST03468,27,Male,Chennai,Business,Savings,2022-05-20
CUST03469,52,Male,Mumbai,Retired,Savings,2023-05-19
CUST03470,68,Male,Mumbai,Salaried,Savings,2025-09-29
CUST03471,66,Male,Mumbai,Business,Salary,2020-01-20
CUST03472,49,Male,Patna,Salaried,Savings,2020-05-10
CUST03473,24,Female,Pune,Business,Salary,2023-01-26
CUST03474,38,Female,Delhi,Salaried,Savings,2020-11-23
CUST03475,37,Female,Bangalore,Self-Employed,Savings,2025-02-04
CUST03476,43,Female,Hyderabad,Salaried,Savings,2021-05-31
CUST03477,21,Female,Patna,Business,Current,2023-06-14
CUST03478,63,Female,Delhi,Self-Employed,Savings,2021-03-29
CUST03479,69,Female,Delhi,Salaried,Current,2023-09-17
CUST03480,39,Male,Delhi,Business,Salary,2023-11-01
CUST03481,32,Male,Hyderabad,Student,Salary,2022-10-07
CUST03482,57,Female,Bangalore,Self-Employed,Savings,2024-06-19
CUST03483,38,Male,Delhi,Salaried,Savings,2021-03-18
CUST03484,32,Female,Delhi,Business,Savings,2023-09-03
CUST03485,39,Male,Chennai,Student,Salary,2025-12-29
CUST03486,69,Male,Kolkata,Salaried,Savings,2023-10-16
CUST03487,45,Female,Hyderabad,Self-Employed,Savings,2023-07-15
CUST03488,31,Male,Ranchi,Self-Employed,Savings,2025-02-21
CUST03489,44,Female,Mumbai,Salaried,Salary,2023-02-28
CUST03490,58,Female,Bangalore,Self-Employed,Savings,2020-04-27
CUST03491,57,Other,Mumbai,Salaried,Savings,2024-04-22
CUST03492,45,Male,Mumbai,Self-Employed,Savings,2021-12-14
CUST03493,43,Female,Bangalore,Self-Employed,Savings,2025-08-05
CUST03494,66,Male,Mumbai,Salaried,Savings,2026-04-25
CUST03495,19,Female,Mumbai,Self-Employed,Savings,2024-03-31
CUST03496,42,Female,Ranchi,Salaried,Salary,2020-03-02
CUST03497,20,Female,Pune,Freelancer,Savings,2021-10-26
CUST03498,25,Male,Delhi,Student,Savings,2023-02-10
CUST03499,61,Male,Mumbai,Freelancer,Savings,2021-11-04
CUST03500,50,Male,Patna,Salaried,Current,2024-02-20
CUST03501,59,Female,Bangalore,Salaried,Savings,2025-01-26
CUST03502,69,Male,Patna,Retired,Savings,2020-09-08
CUST03503,52,Male,Bangalore,Retired,Savings,2022-09-06
CUST03504,23,Female,Delhi,Self-Employed,Savings,2022-05-22
CUST03505,56,Male,Patna,Other / Unspecified,Savings,2022-06-26
CUST03506,69,Male,Mumbai,Self-Employed,Salary,2021-08-14
CUST03507,40,Male,Delhi,Salaried,Savings,2023-10-16
CUST03508,42,Female,Kolkata,Self-Employed,Savings,2023-04-07
CUST03509,67,Male,Delhi,Salaried,Savings,2024-01-09
CUST03510,60,Female,Mumbai,Other / Unspecified,Current,2022-01-12
CUST03511,36,Male,Delhi,Salaried,Savings,2022-06-29
CUST03512,22,Male,Mumbai,Freelancer,Savings,2020-12-04
CUST03513,68,Male,Delhi,Self-Employed,Salary,2023-08-12
CUST03514,28,Female,Hyderabad,Self-Employed,Savings,2026-01-11
CUST03515,29,Male,Patna,Salaried,Savings,2021-07-24
CUST03516,27,Male,Mumbai,Salaried,Savings,2025-11-21
CUST03517,25,Female,Hyderabad,Salaried,Savings,2024-05-03
CUST03518,41,Male,Delhi,Salaried,Savings,2022-07-16
CUST03519,45,Male,Mumbai,Student,Savings,2020-07-07
CUST03520,58,Female,Mumbai,Salaried,Savings,2023-02-18
CUST03521,53,Female,Mumbai,Student,Savings,2020-03-23
CUST03522,54,Male,Pune,Salaried,Current,2021-07-26
CUST03523,38,Male,Delhi,Self-Employed,Savings,2024-11-17
CUST03524,25,Male,Delhi,Salaried,Savings,2024-05-25
CUST03525,26,Female,Ranchi,Business,Savings,2022-01-22
CUST03526,64,Female,Mumbai,Retired,Savings,2021-01-06
CUST03527,32,Male,Hyderabad,Business,Savings,2024-12-17
CUST03528,65,Male,Pune,Salaried,Savings,2021-10-08
CUST03529,63,Male,Delhi,Retired,Savings,2021-02-10
CUST03530,57,Male,Delhi,Self-Employed,Salary,2025-06-11
CUST03531,35,Female,Mumbai,Salaried,Salary,2023-04-25
CUST03532,59,Female,Kolkata,Salaried,Salary,2021-10-04
CUST03533,37,Male,Delhi,Self-Employed,Savings,2021-07-22
CUST03534,23,Female,Mumbai,Salaried,Savings,2021-06-20
CUST03535,29,Female,Bangalore,Salaried,Savings,2020-04-18
CUST03536,19,Male,Hyderabad,Salaried,Savings,2023-05-22
CUST03537,24,Female,Kolkata,Self-Employed,Salary,2020-12-22
CUST03538,33,Male,Mumbai,Self-Employed,Savings,2024-07-26
CUST03539,20,Male,Hyderabad,Salaried,Savings,2025-03-15
CUST03540,62,Female,Pune,Self-Employed,Savings,2026-01-27
CUST03541,20,Female,Bangalore,Student,Salary,2021-12-25
CUST03542,44,Male,Chennai,Salaried,Savings,2021-05-03
CUST03543,67,Male,Pune,Self-Employed,Savings,2024-01-11
CUST03544,60,Female,Mumbai,Salaried,Current,2022-09-13
CUST03545,57,Male,Patna,Salaried,Savings,2021-12-22
CUST03546,55,Male,Patna,Student,Savings,2024-07-21
CUST03547,50,Male,Ranchi,Student,Savings,2024-04-15
CUST03548,45,Female,Delhi,Salaried,Current,2022-05-09
CUST03549,18,Female,Bangalore,Self-Employed,Savings,2025-04-28
CUST03550,25,Male,Hyderabad,Freelancer,Savings,2020-01-21
CUST03551,54,Female,Delhi,Salaried,Salary,2024-06-10
CUST03552,49,Male,Kolkata,Business,Salary,2022-06-25
CUST03553,65,Female,Mumbai,Other / Unspecified,Savings,2021-05-31
CUST03554,60,Male,Ahmedabad,Salaried,Savings,2023-12-24
CUST03555,54,Male,Hyderabad,Self-Employed,Salary,2020-05-15
CUST03556,21,Female,Mumbai,Salaried,Salary,2022-06-01
CUST03557,47,Female,Delhi,Student,Savings,2021-05-11
CUST03558,23,Male,Mumbai,Salaried,Savings,2022-08-02
CUST03559,63,Male,Hyderabad,Self-Employed,Savings,2021-10-04
CUST03560,71,Female,Delhi,Salaried,Savings,2025-08-10
CUST03561,36,Female,Delhi,Salaried,Savings,2020-07-03
CUST03562,49,Female,Bangalore,Salaried,Savings,2023-05-22
CUST03563,26,Female,Delhi,Salaried,Savings,2025-12-17
CUST03564,29,Male,Hyderabad,Salaried,Salary,2024-01-07
CUST03565,28,Female,Pune,Salaried,Savings,2020-02-01
CUST03566,63,Female,Ahmedabad,Self-Employed,Savings,2022-01-27
CUST03567,33,Male,Delhi,Self-Employed,Savings,2021-09-11
CUST03568,18,Male,Hyderabad,Salaried,Savings,2020-07-03
CUST03569,62,Male,Delhi,Salaried,Current,2024-09-08
CUST03570,70,Male,Kolkata,Salaried,Savings,2021-01-25
CUST03571,38,Female,Hyderabad,Salaried,Salary,2020-07-18
CUST03572,47,Female,Kolkata,Business,Savings,2021-03-11
CUST03573,30,Male,Bangalore,Salaried,Savings,2026-06-19
CUST03574,51,Male,Delhi,Business,Current,2022-09-07
CUST03575,21,Female,Ahmedabad,Salaried,Savings,2022-09-24
CUST03576,45,Male,Bangalore,Self-Employed,Savings,2022-05-16
CUST03577,55,Female,Bangalore,Salaried,Current,2024-03-10
CUST03578,48,Female,Delhi,Self-Employed,Savings,2022-07-13
CUST03579,44,Male,Patna,Salaried,Savings,2025-06-27
CUST03580,22,Male,Ranchi,Retired,Savings,2025-06-18
CUST03581,42,Female,Ahmedabad,Self-Employed,Savings,2020-12-13
CUST03582,20,Female,Chennai,Business,Salary,2020-09-10
CUST03583,50,Male,Mumbai,Self-Employed,Current,2020-01-09
CUST03584,21,Male,Bangalore,Salaried,Savings,2020-08-26
CUST03585,42,Female,Patna,Self-Employed,Savings,2020-03-29
CUST03586,37,Female,Ranchi,Self-Employed,Salary,2022-01-22
CUST03587,51,Female,Mumbai,Student,Savings,2023-10-31
CUST03588,43,Male,Delhi,Self-Employed,Savings,2024-10-28
CUST03589,22,Female,Bangalore,Salaried,Salary,2021-02-11
CUST03590,52,Female,Delhi,Business,Current,2024-03-23
CUST03591,45,Male,Mumbai,Self-Employed,Salary,2021-08-21
CUST03592,46,Male,Mumbai,Business,Savings,2022-01-24
CUST03593,26,Male,Bangalore,Salaried,Savings,2023-10-26
CUST03594,69,Female,Kolkata,Business,Current,2024-03-22
CUST03595,55,Female,Delhi,Salaried,Current,2023-02-24
CUST03596,67,Male,Delhi,Salaried,Current,2025-07-09
CUST03597,23,Female,Delhi,Salaried,Savings,2020-09-19
CUST03598,36,Female,Mumbai,Salaried,Savings,2025-10-06
CUST03599,61,Female,Mumbai,Salaried,Salary,2024-02-18
CUST03600,28,Female,Mumbai,Salaried,Savings,2023-12-20
CUST03601,19,Female,Ranchi,Self-Employed,Savings,2023-06-20
CUST03602,64,Male,Ranchi,Self-Employed,Savings,2020-01-11
CUST03603,61,Female,Ranchi,Salaried,Salary,2025-01-15
CUST03604,61,Male,Hyderabad,Retired,Savings,2021-08-07
CUST03605,26,Male,Delhi,Salaried,Savings,2022-07-18
CUST03606,38,Female,Mumbai,Business,Savings,2020-01-02
CUST03607,41,Other,Pune,Self-Employed,Current,2023-03-16
CUST03608,51,Female,Patna,Student,Savings,2023-11-10
CUST03609,39,Female,Delhi,Salaried,Savings,2022-06-08
CUST03610,20,Male,Chennai,Salaried,Savings,2021-07-13
CUST03611,29,Female,Mumbai,Salaried,Salary,2022-08-17
CUST03612,45,Male,Delhi,Self-Employed,Salary,2020-12-05
CUST03613,47,Male,Patna,Business,Savings,2024-04-26
CUST03614,43,Male,Ranchi,Retired,Savings,2025-04-03
CUST03615,65,Male,Bangalore,Salaried,Savings,2025-03-21
CUST03616,38,Female,Pune,Salaried,Savings,2025-12-29
CUST03617,45,Female,Mumbai,Salaried,Current,2020-11-05
CUST03618,43,Male,Hyderabad,Salaried,Savings,2023-03-12
CUST03619,50,Female,Mumbai,Freelancer,Savings,2023-09-19
CUST03620,38,Female,Hyderabad,Self-Employed,Savings,2024-03-23
CUST03621,52,Male,Bangalore,Salaried,Savings,2023-04-01
CUST03622,69,Female,Mumbai,Student,Savings,2024-12-11
CUST03623,51,Female,Kolkata,Self-Employed,Savings,2023-03-25
CUST03624,58,Male,Delhi,Self-Employed,Savings,2022-09-30
CUST03625,68,Male,Mumbai,Student,Current,2024-12-23
CUST03626,64,Male,Pune,Student,Savings,2020-02-22
CUST03627,35,Female,Patna,Freelancer,Salary,2021-04-29
CUST03628,28,Male,Hyderabad,Salaried,Savings,2023-04-26
CUST03629,40,Female,Patna,Business,Savings,2023-12-15
CUST03630,65,Male,Bangalore,Salaried,Salary,2022-03-13
CUST03631,39,Male,Pune,Retired,Savings,2021-03-03
CUST03632,34,Male,Kolkata,Salaried,Salary,2020-11-24
CUST03633,22,Female,Delhi,Business,Savings,2025-01-22
CUST03634,61,Female,Kolkata,Salaried,Savings,2025-08-05
CUST03635,28,Male,Chennai,Salaried,Savings,2024-10-18
CUST03636,47,Female,Ranchi,Retired,Savings,2024-09-19
CUST03637,32,Male,Bangalore,Self-Employed,Current,2024-10-19
CUST03638,44,Female,Mumbai,Salaried,Salary,2023-10-24
CUST03639,52,Male,Hyderabad,Student,Savings,2020-08-27
CUST03640,50,Female,Ahmedabad,Salaried,Salary,2023-11-12
CUST03641,37,Female,Delhi,Retired,Salary,2021-12-25
CUST03642,33,Female,Hyderabad,Salaried,Savings,2025-04-12
CUST03643,51,Female,Ranchi,Salaried,Savings,2024-09-08
CUST03644,19,Female,Delhi,Self-Employed,Savings,2020-10-01
CUST03645,52,Male,Bangalore,Salaried,Savings,2021-05-27
CUST03646,57,Female,Delhi,Salaried,Current,2020-04-18
CUST03647,45,Female,Pune,Salaried,Savings,2026-06-15
CUST03648,64,Male,Pune,Business,Salary,2021-10-17
CUST03649,56,Female,Pune,Business,Savings,2026-03-18
CUST03650,23,Female,Ahmedabad,Freelancer,Savings,2020-12-20
CUST03651,26,Male,Pune,Retired,Savings,2023-08-08
CUST03652,37,Female,Mumbai,Salaried,Savings,2025-05-06
CUST03653,18,Female,Kolkata,Self-Employed,Savings,2026-02-20
CUST03654,25,Male,Pune,Retired,Savings,2020-08-13
CUST03655,40,Female,Ranchi,Retired,Salary,2024-07-24
CUST03656,20,Male,Mumbai,Salaried,Savings,2020-10-30
CUST03657,21,Male,Chennai,Student,Savings,2020-09-02
CUST03658,42,Female,Bangalore,Salaried,Savings,2021-09-30
CUST03659,64,Female,Ranchi,Business,Savings,2021-06-24
CUST03660,55,Female,Bangalore,Salaried,Savings,2022-10-04
CUST03661,32,Female,Kolkata,Salaried,Current,2020-10-10
CUST03662,38,Female,Patna,Student,Savings,2021-04-11
CUST03663,52,Female,Ranchi,Salaried,Savings,2024-05-19
CUST03664,70,Female,Bangalore,Salaried,Savings,2025-05-13
CUST03665,70,Female,Hyderabad,Self-Employed,Savings,2026-02-18
CUST03666,63,Male,Kolkata,Business,Savings,2024-12-14
CUST03667,69,Female,Hyderabad,Business,Savings,2020-04-08
CUST03668,31,Female,Mumbai,Salaried,Current,2024-05-01
CUST03669,53,Female,Kolkata,Retired,Savings,2025-05-11
CUST03670,29,Male,Pune,Salaried,Savings,2024-10-17
CUST03671,34,Male,Ahmedabad,Salaried,Savings,2022-04-17
CUST03672,56,Female,Delhi,Student,Savings,2023-10-05
CUST03673,26,Male,Hyderabad,Business,Savings,2022-10-04
CUST03674,52,Male,Mumbai,Self-Employed,Salary,2021-07-08
CUST03675,30,Male,Hyderabad,Salaried,Savings,2021-09-11
CUST03676,32,Male,Mumbai,Self-Employed,Savings,2022-03-23
CUST03677,35,Male,Delhi,Salaried,Savings,2025-06-14
CUST03678,68,Female,Delhi,Salaried,Salary,2021-05-19
CUST03679,50,Male,Delhi,Salaried,Salary,2026-01-17
CUST03680,23,Female,Delhi,Salaried,Savings,2023-12-28
CUST03681,44,Male,Kolkata,Salaried,Current,2021-09-28
CUST03682,40,Male,Pune,Student,Savings,2020-10-20
CUST03683,44,Female,Hyderabad,Student,Savings,2021-07-19
CUST03684,51,Male,Mumbai,Self-Employed,Salary,2024-03-30
CUST03685,63,Male,Kolkata,Salaried,Salary,2025-10-17
CUST03686,55,Male,Bangalore,Salaried,Savings,2023-03-11
CUST03687,31,Male,Delhi,Salaried,Current,2025-09-30
CUST03688,53,Female,Delhi,Salaried,Savings,2024-02-14
CUST03689,70,Female,Kolkata,Salaried,Current,2024-08-23
CUST03690,25,Female,Bangalore,Self-Employed,Salary,2022-06-22
CUST03691,52,Male,Delhi,Business,Salary,2025-08-01
CUST03692,36,Female,Ranchi,Salaried,Savings,2020-12-09
CUST03693,47,Male,Delhi,Salaried,Current,2020-12-06
CUST03694,31,Female,Ranchi,Salaried,Savings,2023-03-17
CUST03695,37,Male,Patna,Self-Employed,Salary,2021-09-15
CUST03696,66,Male,Pune,Business,Savings,2023-06-30
CUST03697,42,Male,Chennai,Business,Savings,2022-02-27
CUST03698,57,Male,Delhi,Salaried,Savings,2020-03-29
CUST03699,41,Male,Hyderabad,Self-Employed,Savings,2020-06-13
CUST03700,31,Male,Kolkata,Salaried,Current,2020-04-28
CUST03701,43,Male,Delhi,Self-Employed,Savings,2022-09-29
CUST03702,55,Male,Hyderabad,Freelancer,Savings,2025-01-31
CUST03703,40,Male,Bangalore,Retired,Savings,2023-10-10
CUST03704,39,Male,Ranchi,Salaried,Savings,2022-10-03
CUST03705,65,Male,Mumbai,Self-Employed,Savings,2026-05-22
CUST03706,36,Male,Bangalore,Business,Current,2026-01-12
CUST03707,63,Male,Mumbai,Business,Savings,2026-05-01
CUST03708,68,Female,Patna,Business,Savings,2021-08-31
CUST03709,20,Male,Kolkata,Self-Employed,Savings,2022-09-23
CUST03710,59,Other,Bangalore,Salaried,Savings,2020-10-26
CUST03711,36,Female,Hyderabad,Self-Employed,Current,2022-04-28
CUST03712,26,Other,Mumbai,Self-Employed,Savings,2021-08-09
CUST03713,45,Male,Bangalore,Student,Current,2022-11-29
CUST03714,37,Female,Mumbai,Salaried,Savings,2024-11-26
CUST03715,62,Male,Ranchi,Self-Employed,Savings,2023-11-12
CUST03716,24,Female,Hyderabad,Other / Unspecified,Salary,2025-08-19
CUST03717,31,Female,Hyderabad,Salaried,Savings,2024-04-05
CUST03718,26,Female,Delhi,Self-Employed,Savings,2024-04-05
CUST03719,36,Female,Ahmedabad,Salaried,Savings,2022-05-04
CUST03720,64,Female,Delhi,Salaried,Savings,2021-06-03
CUST03721,69,Male,Ahmedabad,Salaried,Savings,2025-05-14
CUST03722,31,Female,Bangalore,Salaried,Savings,2026-01-01
CUST03723,55,Female,Ahmedabad,Salaried,Salary,2022-11-22
CUST03724,70,Male,Hyderabad,Salaried,Savings,2021-02-27
CUST03725,53,Male,Hyderabad,Salaried,Savings,2025-07-03
CUST03726,57,Male,Patna,Self-Employed,Savings,2026-03-18
CUST03727,34,Female,Hyderabad,Salaried,Savings,2022-04-06
CUST03728,47,Female,Mumbai,Student,Savings,2025-07-28
CUST03729,26,Male,Kolkata,Business,Savings,2024-08-17
CUST03730,50,Female,Pune,Business,Current,2023-11-03
CUST03731,69,Male,Bangalore,Self-Employed,Savings,2026-05-24
CUST03732,42,Male,Bangalore,Salaried,Savings,2020-10-20
CUST03733,31,Female,Hyderabad,Salaried,Savings,2023-10-28
CUST03734,28,Male,Delhi,Salaried,Savings,2022-05-11
CUST03735,70,Male,Delhi,Salaried,Savings,2025-11-15
CUST03736,52,Female,Bangalore,Salaried,Current,2021-07-25
CUST03737,58,Male,Hyderabad,Self-Employed,Current,2020-06-17
CUST03738,31,Female,Hyderabad,Self-Employed,Savings,2021-01-21
CUST03739,47,Male,Delhi,Self-Employed,Current,2021-02-06
CUST03740,58,Male,Delhi,Retired,Savings,2023-01-30
CUST03741,21,Male,Hyderabad,Self-Employed,Savings,2020-05-04
CUST03742,21,Female,Mumbai,Other / Unspecified,Savings,2024-05-07
CUST03743,45,Female,Pune,Salaried,Salary,2023-12-17
CUST03744,25,Female,Patna,Retired,Savings,2021-11-01
CUST03745,19,Male,Delhi,Retired,Savings,2024-10-18
CUST03746,58,Male,Delhi,Retired,Savings,2024-05-28
CUST03747,63,Male,Pune,Salaried,Salary,2023-04-14
CUST03748,39,Female,Delhi,Salaried,Savings,2022-01-23
CUST03749,58,Female,Bangalore,Self-Employed,Savings,2024-10-31
CUST03750,33,Female,Hyderabad,Salaried,Savings,2024-12-28
CUST03751,46,Female,Kolkata,Business,Savings,2022-06-21
CUST03752,66,Female,Ranchi,Salaried,Savings,2024-02-19
CUST03753,65,Female,Delhi,Self-Employed,Savings,2020-09-17
CUST03754,47,Male,Delhi,Salaried,Savings,2021-08-14
CUST03755,29,Male,Mumbai,Self-Employed,Savings,2025-06-21
CUST03756,52,Male,Bangalore,Self-Employed,Current,2022-01-19
CUST03757,28,Male,Ranchi,Retired,Current,2023-02-19
CUST03758,63,Male,Ranchi,Student,Savings,2023-07-18
CUST03759,67,Female,Delhi,Other / Unspecified,Savings,2023-11-15
CUST03760,38,Female,Pune,Salaried,Salary,2022-06-22
CUST03761,38,Female,Ahmedabad,Salaried,Salary,2022-10-16
CUST03762,22,Male,Patna,Retired,Savings,2025-06-25
CUST03763,65,Male,Bangalore,Salaried,Savings,2024-02-05
CUST03764,37,Male,Hyderabad,Freelancer,Savings,2024-05-25
CUST03765,54,Female,Hyderabad,Salaried,Savings,2023-07-10
CUST03766,20,Male,Bangalore,Business,Savings,2024-04-29
CUST03767,61,Male,Mumbai,Salaried,Salary,2025-04-06
CUST03768,50,Female,Ranchi,Salaried,Savings,2024-08-09
CUST03769,70,Male,Hyderabad,Salaried,Current,2022-12-01
CUST03770,26,Female,Hyderabad,Self-Employed,Savings,2025-12-06
CUST03771,26,Female,Kolkata,Salaried,Savings,2024-12-12
CUST03772,21,Female,Ranchi,Salaried,Savings,2025-09-25
CUST03773,52,Female,Delhi,Business,Salary,2023-04-17
CUST03774,34,Female,Patna,Self-Employed,Savings,2024-10-10
CUST03775,51,Male,Patna,Self-Employed,Savings,2021-10-16
CUST03776,41,Female,Bangalore,Salaried,Savings,2021-11-05
CUST03777,49,Male,Ranchi,Salaried,Savings,2023-02-15
CUST03778,18,Female,Ahmedabad,Self-Employed,Savings,2026-06-24
CUST03779,25,Male,Chennai,Salaried,Savings,2023-03-25
CUST03780,62,Male,Patna,Salaried,Savings,2024-02-14
CUST03781,40,Female,Hyderabad,Self-Employed,Current,2021-05-07
CUST03782,64,Male,Mumbai,Business,Salary,2020-03-29
CUST03783,57,Male,Kolkata,Salaried,Current,2023-06-10
CUST03784,29,Female,Delhi,Business,Savings,2024-07-24
CUST03785,71,Male,Mumbai,Business,Salary,2021-07-19
CUST03786,29,Male,Bangalore,Self-Employed,Savings,2023-07-13
CUST03787,63,Male,Mumbai,Salaried,Savings,2020-01-24
CUST03788,64,Male,Delhi,Freelancer,Savings,2024-08-19
CUST03789,32,Female,Mumbai,Retired,Savings,2026-06-27
CUST03790,58,Male,Delhi,Salaried,Savings,2021-06-14
CUST03791,36,Female,Ranchi,Business,Savings,2026-05-13
CUST03792,43,Male,Kolkata,Salaried,Savings,2024-09-11
CUST03793,69,Female,Bangalore,Business,Salary,2023-09-01
CUST03794,46,Female,Patna,Salaried,Savings,2024-04-18
CUST03795,39,Female,Hyderabad,Salaried,Current,2025-12-26
CUST03796,57,Female,Patna,Retired,Savings,2023-09-29
CUST03797,38,Male,Delhi,Salaried,Savings,2021-03-25
CUST03798,68,Female,Bangalore,Salaried,Savings,2021-08-08
CUST03799,55,Female,Hyderabad,Salaried,Salary,2020-08-10
CUST03800,37,Female,Patna,Salaried,Savings,2024-09-23
CUST03801,46,Male,Pune,Salaried,Savings,2021-06-01
CUST03802,68,Male,Ranchi,Freelancer,Savings,2025-01-06
CUST03803,21,Female,Mumbai,Salaried,Savings,2024-09-07
CUST03804,24,Male,Patna,Self-Employed,Savings,2025-07-09
CUST03805,45,Female,Kolkata,Salaried,Savings,2022-01-04
CUST03806,45,Male,Delhi,Student,Savings,2022-08-05
CUST03807,21,Female,Pune,Salaried,Salary,2023-08-01
CUST03808,39,Female,Mumbai,Self-Employed,Savings,2020-03-30
CUST03809,29,Male,Pune,Salaried,Savings,2024-12-10
CUST03810,62,Male,Hyderabad,Retired,Salary,2022-06-01
CUST03811,20,Female,Patna,Salaried,Savings,2022-11-20
CUST03812,39,Male,Delhi,Salaried,Savings,2023-01-08
CUST03813,61,Male,Patna,Student,Savings,2021-07-21
CUST03814,19,Male,Patna,Salaried,Current,2020-10-25
CUST03815,41,Female,Chennai,Self-Employed,Current,2021-06-20
CUST03816,51,Male,Mumbai,Salaried,Savings,2026-06-15
CUST03817,44,Male,Bangalore,Other / Unspecified,Savings,2021-03-27
CUST03818,58,Female,Patna,Freelancer,Savings,2023-05-18
CUST03819,18,Female,Chennai,Retired,Savings,2024-11-25
CUST03820,25,Female,Pune,Self-Employed,Savings,2024-02-29
CUST03821,40,Female,Pune,Salaried,Savings,2020-01-18
CUST03822,55,Other,Bangalore,Self-Employed,Savings,2022-02-01
CUST03823,23,Male,Delhi,Retired,Salary,2021-08-26
CUST03824,39,Male,Bangalore,Self-Employed,Current,2022-03-13
CUST03825,42,Male,Bangalore,Freelancer,Savings,2023-04-13
CUST03826,35,Male,Kolkata,Student,Current,2025-07-14
CUST03827,34,Male,Delhi,Freelancer,Savings,2025-03-05
CUST03828,29,Female,Kolkata,Salaried,Savings,2026-03-03
CUST03829,23,Male,Delhi,Self-Employed,Savings,2020-01-26
CUST03830,43,Male,Hyderabad,Retired,Salary,2023-03-21
CUST03831,44,Male,Mumbai,Student,Savings,2023-11-13
CUST03832,25,Female,Patna,Salaried,Savings,2025-07-11
CUST03833,36,Male,Pune,Business,Savings,2026-05-12
CUST03834,59,Female,Kolkata,Self-Employed,Salary,2025-03-14
CUST03835,18,Female,Chennai,Business,Current,2021-07-14
CUST03836,46,Male,Hyderabad,Student,Savings,2024-03-10
CUST03837,62,Male,Kolkata,Self-Employed,Current,2021-04-21
CUST03838,66,Female,Ranchi,Business,Salary,2025-10-29
CUST03839,52,Male,Ranchi,Student,Current,2023-04-08
CUST03840,57,Female,Chennai,Business,Current,2020-07-31
CUST03841,31,Female,Patna,Salaried,Savings,2025-02-22
CUST03842,52,Male,Kolkata,Student,Savings,2020-04-09
CUST03843,65,Male,Mumbai,Salaried,Savings,2022-04-13
CUST03844,62,Male,Mumbai,Salaried,Salary,2022-07-31
CUST03845,37,Male,Hyderabad,Retired,Salary,2025-12-09
CUST03846,66,Male,Hyderabad,Salaried,Salary,2021-07-02
CUST03847,30,Male,Mumbai,Freelancer,Savings,2021-01-18
CUST03848,55,Female,Ranchi,Freelancer,Current,2023-04-13
CUST03849,66,Male,Bangalore,Salaried,Savings,2025-01-28
CUST03850,63,Female,Chennai,Self-Employed,Savings,2026-03-25
CUST03851,66,Male,Delhi,Student,Salary,2021-08-12
CUST03852,25,Female,Patna,Salaried,Current,2022-09-22
CUST03853,60,Female,Ahmedabad,Student,Salary,2022-03-01
CUST03854,37,Male,Delhi,Self-Employed,Savings,2024-12-26
CUST03855,50,Male,Mumbai,Student,Savings,2021-10-01
CUST03856,43,Male,Mumbai,Salaried,Savings,2020-08-17
CUST03857,56,Female,Mumbai,Freelancer,Savings,2026-05-13
CUST03858,38,Male,Kolkata,Self-Employed,Current,2023-01-09
CUST03859,70,Female,Mumbai,Salaried,Savings,2023-07-21
CUST03860,66,Female,Hyderabad,Salaried,Salary,2020-09-19
CUST03861,59,Female,Mumbai,Self-Employed,Salary,2024-06-04
CUST03862,60,Male,Hyderabad,Salaried,Salary,2025-06-22
CUST03863,71,Male,Kolkata,Business,Salary,2024-06-27
CUST03864,58,Male,Delhi,Salaried,Savings,2024-12-28
CUST03865,26,Female,Mumbai,Salaried,Savings,2020-02-18
CUST03866,41,Male,Bangalore,Salaried,Savings,2024-06-07
CUST03867,54,Male,Bangalore,Salaried,Salary,2022-03-18
CUST03868,66,Male,Bangalore,Self-Employed,Savings,2024-07-25
CUST03869,58,Male,Hyderabad,Retired,Savings,2022-06-18
CUST03870,34,Male,Mumbai,Salaried,Savings,2021-07-29
CUST03871,41,Female,Bangalore,Salaried,Savings,2025-10-31
CUST03872,38,Male,Mumbai,Other / Unspecified,Savings,2024-10-12
CUST03873,68,Female,Bangalore,Salaried,Savings,2022-04-01
CUST03874,56,Female,Kolkata,Student,Salary,2020-01-18
CUST03875,58,Female,Hyderabad,Salaried,Salary,2021-04-07
CUST03876,56,Male,Kolkata,Self-Employed,Salary,2020-10-02
CUST03877,30,Other,Delhi,Salaried,Current,2021-07-20
CUST03878,28,Male,Ranchi,Retired,Current,2021-09-12
CUST03879,63,Female,Ahmedabad,Salaried,Savings,2020-04-20
CUST03880,36,Male,Ranchi,Salaried,Savings,2020-07-19
CUST03881,28,Male,Bangalore,Student,Salary,2025-10-22
CUST03882,30,Female,Chennai,Self-Employed,Savings,2023-04-11
CUST03883,63,Female,Chennai,Other / Unspecified,Savings,2025-08-23
CUST03884,62,Male,Ranchi,Self-Employed,Savings,2023-01-04
CUST03885,18,Male,Mumbai,Salaried,Savings,2021-06-02
CUST03886,57,Male,Pune,Student,Current,2024-05-07
CUST03887,61,Male,Pune,Salaried,Savings,2022-11-02
CUST03888,36,Male,Hyderabad,Self-Employed,Savings,2026-02-02
CUST03889,29,Female,Delhi,Salaried,Savings,2022-04-13
CUST03890,25,Female,Patna,Salaried,Current,2022-04-18
CUST03891,25,Female,Pune,Salaried,Salary,2022-05-20
CUST03892,70,Female,Ahmedabad,Salaried,Savings,2024-09-28
CUST03893,62,Male,Pune,Salaried,Savings,2025-01-22
CUST03894,29,Male,Delhi,Salaried,Savings,2026-06-18
CUST03895,65,Male,Hyderabad,Business,Salary,2024-04-09
CUST03896,50,Male,Ranchi,Salaried,Savings,2020-04-03
CUST03897,62,Female,Patna,Self-Employed,Savings,2025-09-17
CUST03898,43,Female,Ahmedabad,Self-Employed,Savings,2021-11-12
CUST03899,56,Female,Kolkata,Salaried,Salary,2026-01-21
CUST03900,45,Female,Mumbai,Freelancer,Savings,2024-07-18
CUST03901,22,Male,Ranchi,Student,Salary,2025-08-04
CUST03902,25,Male,Ahmedabad,Self-Employed,Savings,2020-12-17
CUST03903,42,Male,Mumbai,Freelancer,Current,2022-04-27
CUST03904,44,Male,Kolkata,Salaried,Current,2024-04-10
CUST03905,63,Male,Kolkata,Salaried,Salary,2020-02-05
CUST03906,40,Male,Ranchi,Salaried,Salary,2023-10-06
CUST03907,47,Male,Hyderabad,Freelancer,Savings,2022-11-03
CUST03908,62,Male,Pune,Salaried,Salary,2023-03-17
CUST03909,64,Female,Ranchi,Business,Salary,2024-11-16
CUST03910,40,Male,Mumbai,Student,Savings,2021-06-29
CUST03911,66,Male,Ranchi,Salaried,Savings,2020-04-08
CUST03912,64,Male,Ranchi,Self-Employed,Savings,2026-04-22
CUST03913,37,Male,Bangalore,Salaried,Savings,2024-02-26
CUST03914,35,Other,Hyderabad,Retired,Salary,2024-09-13
CUST03915,35,Male,Patna,Salaried,Salary,2023-02-20
CUST03916,19,Female,Delhi,Salaried,Savings,2026-05-16
CUST03917,21,Male,Hyderabad,Self-Employed,Savings,2020-07-31
CUST03918,47,Female,Hyderabad,Freelancer,Current,2021-04-10
CUST03919,50,Female,Kolkata,Self-Employed,Savings,2022-02-08
CUST03920,53,Male,Delhi,Student,Salary,2021-08-19
CUST03921,35,Male,Mumbai,Salaried,Savings,2022-12-07
CUST03922,54,Male,Mumbai,Salaried,Savings,2024-02-22
CUST03923,36,Female,Hyderabad,Salaried,Current,2021-01-18
CUST03924,64,Male,Kolkata,Other / Unspecified,Current,2026-04-28
CUST03925,45,Female,Delhi,Salaried,Savings,2022-05-31
CUST03926,57,Female,Delhi,Self-Employed,Current,2024-03-12
CUST03927,37,Male,Pune,Self-Employed,Current,2020-07-23
CUST03928,66,Male,Ranchi,Self-Employed,Current,2020-01-04
CUST03929,50,Female,Hyderabad,Student,Savings,2020-11-13
CUST03930,29,Male,Bangalore,Salaried,Current,2021-03-19
CUST03931,68,Male,Ranchi,Salaried,Savings,2023-09-21
CUST03932,32,Female,Hyderabad,Self-Employed,Current,2023-04-10
CUST03933,58,Male,Kolkata,Salaried,Savings,2024-05-22
CUST03934,56,Male,Pune,Self-Employed,Savings,2021-03-25
CUST03935,19,Female,Bangalore,Business,Savings,2025-04-30
CUST03936,46,Male,Hyderabad,Salaried,Savings,2023-11-14
CUST03937,58,Male,Pune,Self-Employed,Salary,2025-12-13
CUST03938,27,Male,Bangalore,Business,Savings,2020-09-02
CUST03939,19,Male,Kolkata,Salaried,Salary,2026-01-24
CUST03940,68,Female,Mumbai,Student,Salary,2020-07-18
CUST03941,28,Male,Delhi,Business,Savings,2022-06-06
CUST03942,30,Male,Ahmedabad,Business,Savings,2025-11-15
CUST03943,27,Male,Bangalore,Student,Savings,2025-09-18
CUST03944,31,Female,Ahmedabad,Salaried,Savings,2026-06-21
CUST03945,35,Male,Patna,Self-Employed,Current,2020-05-26
CUST03946,68,Male,Delhi,Salaried,Savings,2023-03-16
CUST03947,71,Female,Bangalore,Business,Savings,2022-11-11
CUST03948,26,Female,Delhi,Salaried,Savings,2020-10-06
CUST03949,56,Male,Delhi,Student,Salary,2020-09-07
CUST03950,45,Male,Hyderabad,Other / Unspecified,Current,2023-02-28
CUST03951,20,Male,Bangalore,Freelancer,Salary,2020-09-08
CUST03952,37,Male,Pune,Salaried,Current,2023-01-18
CUST03953,23,Female,Hyderabad,Salaried,Savings,2022-09-18
CUST03954,44,Male,Mumbai,Salaried,Savings,2020-09-18
CUST03955,70,Male,Mumbai,Salaried,Salary,2023-11-28
CUST03956,19,Female,Kolkata,Salaried,Savings,2024-07-19
CUST03957,46,Male,Hyderabad,Salaried,Current,2024-04-25
CUST03958,55,Female,Delhi,Self-Employed,Savings,2025-09-15
CUST03959,20,Male,Hyderabad,Salaried,Savings,2023-10-24
CUST03960,33,Female,Kolkata,Salaried,Savings,2020-11-06
CUST03961,47,Male,Delhi,Salaried,Current,2022-05-24
CUST03962,57,Male,Patna,Salaried,Current,2023-09-14
CUST03963,19,Male,Ranchi,Salaried,Savings,2022-02-21
CUST03964,34,Female,Bangalore,Business,Savings,2025-11-09
CUST03965,58,Female,Pune,Business,Savings,2021-02-26
CUST03966,29,Female,Ranchi,Self-Employed,Salary,2023-01-29
CUST03967,52,Male,Delhi,Business,Savings,2025-10-10
CUST03968,60,Female,Bangalore,Salaried,Current,2022-06-08
CUST03969,18,Female,Ranchi,Salaried,Savings,2025-05-09
CUST03970,62,Male,Bangalore,Self-Employed,Savings,2023-06-24
CUST03971,32,Male,Hyderabad,Retired,Savings,2025-02-19
CUST03972,43,Male,Delhi,Self-Employed,Savings,2023-08-02
CUST03973,54,Other,Bangalore,Self-Employed,Savings,2023-12-13
CUST03974,38,Female,Bangalore,Retired,Savings,2025-09-02
CUST03975,66,Male,Ranchi,Salaried,Current,2020-07-23
CUST03976,48,Female,Delhi,Self-Employed,Savings,2022-03-18
CUST03977,42,Female,Ahmedabad,Salaried,Savings,2020-06-21
CUST03978,40,Female,Bangalore,Salaried,Salary,2020-02-19
CUST03979,41,Female,Bangalore,Salaried,Salary,2021-02-26
CUST03980,55,Male,Hyderabad,Salaried,Salary,2024-07-09
CUST03981,45,Female,Ranchi,Salaried,Savings,2025-10-15
CUST03982,38,Male,Mumbai,Student,Savings,2023-07-25
CUST03983,71,Female,Chennai,Other / Unspecified,Salary,2024-04-11
CUST03984,60,Male,Ranchi,Salaried,Savings,2023-02-28
CUST03985,35,Male,Mumbai,Self-Employed,Savings,2025-01-06
CUST03986,53,Female,Delhi,Business,Current,2021-03-26
CUST03987,52,Male,Mumbai,Salaried,Salary,2025-06-17
CUST03988,62,Male,Delhi,Business,Salary,2025-01-20
CUST03989,26,Male,Hyderabad,Salaried,Savings,2026-02-26
CUST03990,70,Male,Hyderabad,Salaried,Savings,2022-12-10
CUST03991,55,Female,Ahmedabad,Salaried,Savings,2020-05-27
CUST03992,47,Male,Kolkata,Freelancer,Savings,2021-01-08
CUST03993,61,Male,Patna,Salaried,Salary,2020-06-01
CUST03994,51,Male,Mumbai,Salaried,Savings,2021-09-25
CUST03995,49,Male,Hyderabad,Retired,Savings,2025-03-09
CUST03996,20,Male,Patna,Self-Employed,Savings,2021-02-24
CUST03997,20,Female,Hyderabad,Business,Current,2024-07-16
CUST03998,45,Male,Delhi,Salaried,Savings,2025-11-29
CUST03999,61,Female,Bangalore,Business,Savings,2026-04-07
CUST04000,32,Male,Mumbai,Freelancer,Savings,2022-04-16
CUST04001,58,Male,Bangalore,Salaried,Savings,2025-06-04
CUST04002,40,Male,Pune,Self-Employed,Savings,2021-02-25
CUST04003,57,Male,Delhi,Freelancer,Savings,2024-11-20
CUST04004,28,Female,Delhi,Salaried,Salary,2021-01-17
CUST04005,65,Female,Mumbai,Retired,Savings,2021-03-13
CUST04006,49,Female,Pune,Salaried,Savings,2024-02-07
CUST04007,71,Female,Patna,Self-Employed,Current,2025-10-14
CUST04008,53,Female,Kolkata,Freelancer,Savings,2024-05-13
CUST04009,50,Male,Pune,Retired,Savings,2024-10-03
CUST04010,41,Male,Hyderabad,Business,Salary,2025-10-20
CUST04011,56,Male,Kolkata,Salaried,Savings,2024-09-26
CUST04012,51,Male,Hyderabad,Business,Savings,2021-04-07
CUST04013,45,Male,Delhi,Self-Employed,Savings,2020-12-14
CUST04014,54,Female,Ahmedabad,Business,Savings,2026-05-18
CUST04015,24,Female,Bangalore,Student,Savings,2026-05-28
CUST04016,21,Male,Hyderabad,Salaried,Current,2025-04-09
CUST04017,54,Female,Kolkata,Salaried,Savings,2024-04-27
CUST04018,18,Female,Chennai,Self-Employed,Savings,2024-12-01
CUST04019,18,Female,Mumbai,Student,Savings,2023-12-30
CUST04020,64,Female,Hyderabad,Self-Employed,Salary,2026-06-30
CUST04021,37,Male,Mumbai,Salaried,Savings,2025-11-05
CUST04022,36,Male,Mumbai,Salaried,Salary,2022-04-07
CUST04023,46,Male,Pune,Business,Savings,2022-03-26
CUST04024,27,Male,Mumbai,Business,Savings,2021-10-16
CUST04025,35,Female,Pune,Self-Employed,Savings,2024-08-22
CUST04026,45,Male,Hyderabad,Self-Employed,Salary,2020-09-25
CUST04027,52,Female,Mumbai,Retired,Salary,2025-05-05
CUST04028,60,Male,Delhi,Freelancer,Savings,2020-06-19
CUST04029,64,Male,Bangalore,Self-Employed,Savings,2023-08-07
CUST04030,48,Female,Ranchi,Self-Employed,Salary,2020-04-25
CUST04031,44,Female,Delhi,Salaried,Salary,2023-09-25
CUST04032,28,Female,Bangalore,Retired,Savings,2026-01-05
CUST04033,66,Male,Bangalore,Student,Current,2022-04-29
CUST04034,66,Male,Hyderabad,Self-Employed,Savings,2024-03-15
CUST04035,55,Female,Patna,Business,Savings,2022-02-15
CUST04036,22,Female,Pune,Self-Employed,Salary,2022-11-12
CUST04037,25,Male,Bangalore,Self-Employed,Savings,2023-12-31
CUST04038,51,Male,Ahmedabad,Business,Savings,2026-01-17
CUST04039,65,Male,Hyderabad,Salaried,Savings,2020-10-01
CUST04040,69,Female,Patna,Salaried,Savings,2023-11-25
CUST04041,29,Male,Patna,Salaried,Salary,2024-09-24
CUST04042,55,Female,Mumbai,Self-Employed,Savings,2023-09-02
CUST04043,18,Male,Chennai,Business,Savings,2024-12-06
CUST04044,48,Male,Delhi,Self-Employed,Savings,2021-09-06
CUST04045,21,Male,Delhi,Student,Current,2026-02-12
CUST04046,66,Female,Mumbai,Retired,Savings,2024-02-22
CUST04047,62,Female,Patna,Retired,Savings,2022-10-08
CUST04048,67,Male,Delhi,Self-Employed,Savings,2024-02-02
CUST04049,22,Female,Hyderabad,Salaried,Savings,2022-09-07
CUST04050,47,Male,Delhi,Salaried,Current,2022-10-10
CUST04051,41,Male,Mumbai,Self-Employed,Salary,2026-06-27
CUST04052,20,Female,Delhi,Salaried,Savings,2025-09-16
CUST04053,28,Male,Pune,Salaried,Savings,2021-10-30
CUST04054,62,Male,Kolkata,Business,Savings,2023-03-02
CUST04055,21,Male,Patna,Salaried,Savings,2021-10-14
CUST04056,43,Female,Patna,Salaried,Savings,2024-05-07
CUST04057,44,Female,Bangalore,Retired,Current,2024-06-27
CUST04058,63,Female,Ranchi,Salaried,Salary,2021-08-04
CUST04059,71,Female,Pune,Salaried,Salary,2021-01-21
CUST04060,60,Female,Mumbai,Self-Employed,Savings,2025-04-01
CUST04061,44,Male,Pune,Salaried,Current,2025-05-28
CUST04062,59,Female,Pune,Freelancer,Savings,2023-10-04
CUST04063,68,Male,Patna,Salaried,Savings,2026-04-10
CUST04064,67,Male,Mumbai,Salaried,Savings,2020-06-26
CUST04065,23,Male,Pune,Salaried,Current,2020-09-29
CUST04066,32,Male,Chennai,Freelancer,Savings,2023-09-14
CUST04067,70,Female,Mumbai,Student,Savings,2026-01-18
CUST04068,47,Female,Kolkata,Salaried,Savings,2023-01-01
CUST04069,59,Female,Bangalore,Student,Savings,2024-10-08
CUST04070,54,Male,Delhi,Self-Employed,Savings,2024-10-18
CUST04071,54,Female,Pune,Salaried,Salary,2026-02-22
CUST04072,59,Male,Kolkata,Self-Employed,Savings,2025-06-09
CUST04073,54,Male,Bangalore,Freelancer,Current,2022-05-02
CUST04074,52,Male,Kolkata,Business,Salary,2020-01-18
CUST04075,40,Female,Hyderabad,Self-Employed,Current,2022-04-09
CUST04076,23,Male,Delhi,Salaried,Savings,2020-01-27
CUST04077,21,Male,Hyderabad,Self-Employed,Salary,2021-09-13
CUST04078,35,Male,Ranchi,Salaried,Savings,2025-10-12
CUST04079,26,Male,Pune,Freelancer,Savings,2023-10-28
CUST04080,66,Male,Delhi,Salaried,Savings,2022-04-17
CUST04081,46,Male,Delhi,Business,Salary,2021-10-07
CUST04082,30,Other,Mumbai,Salaried,Savings,2025-03-07
CUST04083,64,Female,Ranchi,Salaried,Salary,2022-01-02
CUST04084,69,Male,Mumbai,Other / Unspecified,Salary,2025-05-15
CUST04085,34,Female,Mumbai,Freelancer,Salary,2024-04-22
CUST04086,62,Female,Patna,Self-Employed,Salary,2024-10-27
CUST04087,49,Female,Mumbai,Salaried,Current,2026-04-13
CUST04088,65,Female,Kolkata,Self-Employed,Current,2022-06-28
CUST04089,39,Female,Pune,Salaried,Salary,2022-11-10
CUST04090,21,Male,Mumbai,Business,Salary,2023-07-21
CUST04091,22,Male,Patna,Salaried,Current,2020-10-12
CUST04092,54,Female,Hyderabad,Self-Employed,Current,2024-02-28
CUST04093,58,Female,Pune,Retired,Savings,2020-09-07
CUST04094,66,Male,Chennai,Salaried,Savings,2021-11-05
CUST04095,30,Male,Hyderabad,Salaried,Savings,2023-08-03
CUST04096,51,Female,Delhi,Business,Savings,2021-05-30
CUST04097,62,Male,Mumbai,Salaried,Savings,2025-10-22
CUST04098,39,Male,Mumbai,Business,Savings,2024-02-27
CUST04099,70,Male,Ahmedabad,Business,Savings,2023-05-13
CUST04100,40,Male,Mumbai,Salaried,Savings,2024-10-12
CUST04101,68,Male,Kolkata,Retired,Savings,2021-03-12
CUST04102,20,Male,Mumbai,Salaried,Current,2022-09-04
CUST04103,59,Male,Delhi,Salaried,Salary,2020-01-19
CUST04104,51,Other,Ranchi,Salaried,Savings,2026-02-07
CUST04105,49,Female,Delhi,Retired,Savings,2025-03-28
CUST04106,62,Male,Mumbai,Salaried,Savings,2022-02-19
CUST04107,68,Male,Kolkata,Self-Employed,Current,2020-02-01
CUST04108,66,Female,Mumbai,Self-Employed,Savings,2026-01-01
CUST04109,38,Male,Ranchi,Salaried,Salary,2026-04-30
CUST04110,63,Female,Bangalore,Freelancer,Savings,2025-04-16
CUST04111,61,Male,Mumbai,Student,Current,2021-05-27
CUST04112,38,Male,Chennai,Student,Savings,2020-02-02
CUST04113,61,Male,Mumbai,Salaried,Savings,2025-02-13
CUST04114,28,Female,Mumbai,Salaried,Savings,2022-07-05
CUST04115,56,Female,Mumbai,Business,Salary,2026-03-25
CUST04116,21,Male,Ranchi,Business,Savings,2021-11-14
CUST04117,68,Female,Pune,Retired,Salary,2025-06-04
CUST04118,18,Male,Chennai,Freelancer,Salary,2025-04-30
CUST04119,45,Female,Kolkata,Salaried,Salary,2025-04-05
CUST04120,41,Male,Delhi,Self-Employed,Savings,2025-02-10
CUST04121,52,Female,Bangalore,Salaried,Savings,2021-04-19
CUST04122,30,Female,Patna,Business,Savings,2021-05-10
CUST04123,64,Male,Ranchi,Business,Savings,2025-08-15
CUST04124,51,Male,Mumbai,Self-Employed,Savings,2023-04-13
CUST04125,28,Male,Delhi,Salaried,Savings,2021-07-28
CUST04126,53,Male,Kolkata,Business,Savings,2023-07-30
CUST04127,68,Male,Pune,Salaried,Current,2021-06-09
CUST04128,34,Female,Bangalore,Salaried,Savings,2025-05-23
CUST04129,52,Female,Kolkata,Business,Salary,2025-08-26
CUST04130,35,Female,Delhi,Salaried,Salary,2024-05-16
CUST04131,57,Female,Hyderabad,Salaried,Savings,2022-03-23
CUST04132,39,Female,Patna,Salaried,Current,2020-01-05
CUST04133,41,Female,Pune,Retired,Savings,2020-09-08
CUST04134,36,Female,Mumbai,Business,Savings,2020-02-05
CUST04135,54,Female,Hyderabad,Retired,Savings,2024-12-17
CUST04136,56,Female,Delhi,Self-Employed,Current,2020-12-05
CUST04137,38,Female,Mumbai,Freelancer,Savings,2021-08-22
CUST04138,25,Female,Mumbai,Business,Savings,2020-10-26
CUST04139,45,Female,Mumbai,Freelancer,Current,2020-07-15
CUST04140,22,Male,Kolkata,Salaried,Current,2021-08-02
CUST04141,34,Male,Delhi,Salaried,Salary,2023-02-15
CUST04142,54,Female,Kolkata,Self-Employed,Savings,2021-07-30
CUST04143,53,Male,Mumbai,Business,Savings,2022-03-03
CUST04144,71,Male,Kolkata,Salaried,Savings,2023-04-24
CUST04145,36,Male,Mumbai,Freelancer,Savings,2023-04-03
CUST04146,44,Female,Ranchi,Business,Current,2025-06-25
CUST04147,70,Other,Hyderabad,Salaried,Salary,2022-06-06
CUST04148,51,Female,Bangalore,Salaried,Savings,2020-07-31
CUST04149,28,Male,Ranchi,Salaried,Savings,2023-11-29
CUST04150,71,Male,Kolkata,Business,Savings,2025-06-03
CUST04151,62,Female,Bangalore,Salaried,Savings,2025-01-05
CUST04152,64,Male,Mumbai,Self-Employed,Savings,2025-04-07
CUST04153,29,Male,Ahmedabad,Student,Savings,2021-01-19
CUST04154,71,Female,Chennai,Salaried,Savings,2024-10-15
CUST04155,38,Male,Hyderabad,Salaried,Current,2021-05-07
CUST04156,71,Male,Hyderabad,Self-Employed,Savings,2025-04-28
CUST04157,28,Female,Mumbai,Business,Savings,2021-03-19
CUST04158,56,Female,Delhi,Business,Savings,2024-03-20
CUST04159,45,Male,Mumbai,Salaried,Current,2024-02-03
CUST04160,22,Female,Patna,Freelancer,Savings,2024-11-14
CUST04161,34,Male,Pune,Salaried,Current,2023-12-04
CUST04162,37,Male,Patna,Business,Salary,2024-06-21
CUST04163,58,Female,Ahmedabad,Retired,Salary,2024-07-07
CUST04164,63,Male,Mumbai,Self-Employed,Savings,2025-02-07
CUST04165,29,Female,Bangalore,Business,Savings,2024-07-23
CUST04166,23,Female,Ranchi,Salaried,Savings,2023-04-27
CUST04167,34,Female,Mumbai,Self-Employed,Savings,2020-06-15
CUST04168,68,Male,Hyderabad,Salaried,Savings,2024-03-26
CUST04169,36,Male,Patna,Salaried,Savings,2025-11-16
CUST04170,43,Female,Mumbai,Self-Employed,Savings,2022-08-18
CUST04171,65,Female,Ahmedabad,Salaried,Savings,2022-03-08
CUST04172,61,Male,Patna,Salaried,Savings,2023-03-23
CUST04173,61,Male,Delhi,Freelancer,Salary,2022-12-25
CUST04174,69,Male,Ahmedabad,Retired,Savings,2020-03-06
CUST04175,49,Female,Mumbai,Self-Employed,Savings,2020-03-12
CUST04176,23,Male,Bangalore,Salaried,Savings,2024-02-10
CUST04177,53,Male,Delhi,Student,Savings,2021-09-15
CUST04178,55,Female,Mumbai,Freelancer,Salary,2021-10-23
CUST04179,28,Female,Mumbai,Student,Savings,2023-02-27
CUST04180,50,Female,Chennai,Salaried,Savings,2021-07-20
CUST04181,41,Female,Ahmedabad,Other / Unspecified,Savings,2024-04-04
CUST04182,40,Female,Bangalore,Self-Employed,Savings,2024-02-02
CUST04183,32,Male,Ranchi,Self-Employed,Current,2022-03-14
CUST04184,44,Male,Hyderabad,Salaried,Savings,2025-02-22
CUST04185,28,Male,Ranchi,Salaried,Savings,2022-03-31
CUST04186,68,Female,Pune,Self-Employed,Savings,2022-01-16
CUST04187,67,Male,Bangalore,Freelancer,Savings,2021-06-04
CUST04188,34,Other,Pune,Business,Current,2020-12-27
CUST04189,68,Female,Kolkata,Salaried,Savings,2020-11-07
CUST04190,70,Female,Kolkata,Self-Employed,Salary,2022-11-24
CUST04191,31,Male,Mumbai,Salaried,Savings,2022-09-25
CUST04192,44,Other,Mumbai,Student,Savings,2020-02-24
CUST04193,35,Female,Mumbai,Salaried,Savings,2025-02-21
CUST04194,45,Male,Bangalore,Salaried,Current,2020-03-28
CUST04195,68,Male,Bangalore,Student,Savings,2024-01-22
CUST04196,64,Female,Hyderabad,Salaried,Salary,2023-03-11
CUST04197,64,Male,Patna,Student,Savings,2025-05-12
CUST04198,21,Female,Delhi,Salaried,Savings,2022-09-23
CUST04199,24,Male,Mumbai,Salaried,Savings,2024-09-21
CUST04200,62,Male,Delhi,Freelancer,Savings,2020-07-24
CUST04201,52,Male,Bangalore,Salaried,Salary,2021-04-12
CUST04202,65,Male,Bangalore,Salaried,Savings,2023-10-02
CUST04203,26,Female,Mumbai,Salaried,Savings,2025-07-11
CUST04204,25,Male,Pune,Salaried,Savings,2021-04-13
CUST04205,69,Female,Kolkata,Salaried,Savings,2020-12-04
CUST04206,62,Female,Mumbai,Salaried,Savings,2023-09-08
CUST04207,34,Male,Delhi,Salaried,Savings,2020-06-01
CUST04208,34,Female,Bangalore,Self-Employed,Savings,2021-01-28
CUST04209,66,Male,Chennai,Salaried,Savings,2020-06-28
CUST04210,50,Male,Pune,Salaried,Current,2020-10-10
CUST04211,49,Female,Ahmedabad,Salaried,Salary,2024-06-13
CUST04212,25,Male,Hyderabad,Salaried,Savings,2021-09-12
CUST04213,36,Female,Patna,Freelancer,Savings,2024-09-12
CUST04214,55,Male,Kolkata,Salaried,Savings,2020-02-06
CUST04215,20,Male,Bangalore,Business,Savings,2020-05-05
CUST04216,22,Male,Mumbai,Student,Current,2025-08-26
CUST04217,30,Male,Bangalore,Retired,Savings,2020-05-13
CUST04218,64,Female,Hyderabad,Self-Employed,Savings,2021-07-05
CUST04219,63,Male,Chennai,Student,Savings,2024-07-01
CUST04220,48,Male,Patna,Salaried,Savings,2023-11-29
CUST04221,33,Male,Mumbai,Salaried,Savings,2026-04-14
CUST04222,67,Female,Bangalore,Salaried,Savings,2026-05-31
CUST04223,49,Male,Ranchi,Salaried,Savings,2022-05-05
CUST04224,39,Female,Delhi,Retired,Savings,2022-12-07
CUST04225,46,Male,Mumbai,Salaried,Salary,2025-04-03
CUST04226,39,Male,Delhi,Salaried,Current,2023-10-09
CUST04227,60,Male,Mumbai,Student,Savings,2025-02-09
CUST04228,20,Female,Mumbai,Salaried,Savings,2026-03-28
CUST04229,71,Male,Delhi,Salaried,Savings,2022-04-12
CUST04230,27,Male,Mumbai,Student,Salary,2022-06-22
CUST04231,59,Male,Patna,Self-Employed,Savings,2023-07-29
CUST04232,38,Male,Ahmedabad,Self-Employed,Salary,2023-03-29
CUST04233,33,Male,Pune,Student,Current,2025-09-10
CUST04234,29,Male,Mumbai,Student,Current,2025-08-11
CUST04235,19,Male,Hyderabad,Self-Employed,Current,2022-04-27
CUST04236,58,Female,Kolkata,Self-Employed,Salary,2024-01-07
CUST04237,41,Male,Hyderabad,Business,Savings,2025-07-08
CUST04238,52,Female,Ranchi,Salaried,Savings,2020-12-31
CUST04239,47,Male,Mumbai,Self-Employed,Salary,2022-02-04
CUST04240,47,Male,Delhi,Salaried,Salary,2021-03-17
CUST04241,64,Other,Delhi,Retired,Savings,2023-03-07
CUST04242,52,Female,Pune,Business,Savings,2026-05-25
CUST04243,36,Male,Delhi,Salaried,Savings,2024-07-08
CUST04244,67,Female,Hyderabad,Retired,Savings,2025-04-17
CUST04245,25,Female,Hyderabad,Salaried,Savings,2026-05-24
CUST04246,43,Male,Mumbai,Business,Salary,2021-01-08
CUST04247,66,Female,Delhi,Salaried,Salary,2022-10-29
CUST04248,57,Female,Pune,Salaried,Current,2024-04-23
CUST04249,24,Male,Mumbai,Salaried,Savings,2022-09-20
CUST04250,47,Female,Ranchi,Retired,Current,2025-08-31
CUST04251,24,Male,Delhi,Self-Employed,Salary,2024-08-19
CUST04252,20,Female,Mumbai,Salaried,Savings,2024-05-05
CUST04253,18,Male,Hyderabad,Self-Employed,Savings,2023-03-07
CUST04254,53,Female,Hyderabad,Self-Employed,Savings,2022-09-10
CUST04255,42,Male,Bangalore,Salaried,Savings,2021-09-30
CUST04256,54,Male,Mumbai,Self-Employed,Savings,2020-04-03
CUST04257,18,Male,Chennai,Salaried,Savings,2022-04-30
CUST04258,32,Female,Ahmedabad,Self-Employed,Savings,2021-01-10
CUST04259,54,Female,Delhi,Self-Employed,Current,2025-07-19
CUST04260,30,Male,Ahmedabad,Business,Savings,2021-07-22
CUST04261,57,Male,Delhi,Salaried,Current,2024-07-27
CUST04262,25,Male,Kolkata,Salaried,Salary,2024-09-29
CUST04263,22,Female,Hyderabad,Self-Employed,Current,2024-02-03
CUST04264,26,Female,Hyderabad,Self-Employed,Savings,2021-08-22
CUST04265,18,Male,Bangalore,Student,Savings,2025-10-24
CUST04266,53,Female,Patna,Self-Employed,Salary,2021-08-04
CUST04267,52,Female,Bangalore,Salaried,Current,2023-06-25
CUST04268,19,Male,Ahmedabad,Salaried,Savings,2024-05-28
CUST04269,57,Female,Delhi,Business,Savings,2026-01-15
CUST04270,40,Male,Pune,Salaried,Savings,2023-09-26
CUST04271,26,Female,Bangalore,Freelancer,Savings,2022-12-16
CUST04272,51,Male,Mumbai,Student,Savings,2021-11-12
CUST04273,63,Female,Patna,Self-Employed,Savings,2025-08-02
CUST04274,31,Female,Hyderabad,Freelancer,Savings,2021-06-10
CUST04275,21,Male,Bangalore,Salaried,Savings,2023-04-03
CUST04276,47,Male,Bangalore,Self-Employed,Salary,2020-01-11
CUST04277,48,Female,Hyderabad,Salaried,Savings,2020-06-10
CUST04278,55,Male,Pune,Business,Savings,2020-05-20
CUST04279,28,Male,Bangalore,Business,Savings,2021-08-01
CUST04280,52,Female,Delhi,Salaried,Salary,2020-03-26
CUST04281,25,Male,Bangalore,Self-Employed,Current,2026-02-14
CUST04282,20,Female,Chennai,Salaried,Savings,2024-05-21
CUST04283,31,Female,Delhi,Salaried,Salary,2020-07-22
CUST04284,30,Female,Patna,Business,Savings,2020-12-19
CUST04285,62,Male,Mumbai,Salaried,Salary,2023-05-30
CUST04286,49,Male,Bangalore,Self-Employed,Salary,2024-03-24
CUST04287,51,Male,Bangalore,Salaried,Savings,2020-03-12
CUST04288,62,Male,Ranchi,Salaried,Savings,2023-08-02
CUST04289,36,Male,Kolkata,Self-Employed,Savings,2020-12-18
CUST04290,55,Male,Chennai,Retired,Savings,2020-04-08
CUST04291,33,Female,Ranchi,Salaried,Savings,2026-04-10
CUST04292,19,Male,Mumbai,Salaried,Savings,2023-10-16
CUST04293,57,Male,Hyderabad,Student,Savings,2023-02-20
CUST04294,34,Female,Patna,Salaried,Salary,2022-05-03
CUST04295,51,Male,Mumbai,Salaried,Savings,2021-08-09
CUST04296,59,Female,Bangalore,Self-Employed,Salary,2025-07-22
CUST04297,33,Female,Mumbai,Self-Employed,Savings,2021-04-14
CUST04298,55,Male,Delhi,Freelancer,Salary,2024-06-29
CUST04299,19,Male,Pune,Salaried,Savings,2022-04-11
CUST04300,19,Male,Delhi,Salaried,Savings,2020-08-21
CUST04301,43,Female,Bangalore,Salaried,Current,2022-03-22
CUST04302,30,Female,Delhi,Salaried,Savings,2022-08-18
CUST04303,64,Female,Hyderabad,Salaried,Savings,2023-08-04
CUST04304,48,Female,Hyderabad,Self-Employed,Savings,2024-09-19
CUST04305,51,Male,Hyderabad,Salaried,Savings,2022-06-08
CUST04306,56,Male,Kolkata,Business,Savings,2024-04-11
CUST04307,20,Male,Delhi,Salaried,Savings,2022-04-02
CUST04308,25,Male,Chennai,Salaried,Salary,2020-02-22
CUST04309,40,Female,Bangalore,Freelancer,Salary,2021-01-01
CUST04310,31,Male,Bangalore,Business,Current,2020-08-26
CUST04311,44,Male,Bangalore,Business,Savings,2020-08-20
CUST04312,71,Male,Patna,Business,Savings,2020-06-03
CUST04313,46,Female,Mumbai,Salaried,Salary,2020-08-02
CUST04314,56,Male,Bangalore,Salaried,Salary,2025-11-25
CUST04315,70,Male,Patna,Freelancer,Savings,2022-08-19
CUST04316,56,Male,Delhi,Self-Employed,Savings,2020-09-27
CUST04317,18,Female,Pune,Business,Savings,2026-03-15
CUST04318,34,Female,Patna,Business,Savings,2024-12-21
CUST04319,58,Male,Bangalore,Student,Current,2025-11-04
CUST04320,47,Male,Mumbai,Salaried,Savings,2021-04-11
CUST04321,70,Male,Hyderabad,Salaried,Current,2020-01-15
CUST04322,30,Female,Mumbai,Salaried,Salary,2023-06-22
CUST04323,38,Male,Bangalore,Salaried,Salary,2025-12-17
CUST04324,36,Female,Ranchi,Business,Savings,2020-07-02
CUST04325,70,Male,Ranchi,Business,Savings,2021-12-11
CUST04326,36,Female,Chennai,Student,Savings,2025-11-27
CUST04327,42,Female,Ranchi,Salaried,Salary,2022-08-02
CUST04328,39,Male,Kolkata,Salaried,Savings,2023-10-07
CUST04329,48,Male,Mumbai,Business,Savings,2023-02-15
CUST04330,34,Female,Mumbai,Business,Savings,2020-09-21
CUST04331,40,Male,Pune,Salaried,Savings,2023-10-04
CUST04332,49,Male,Hyderabad,Salaried,Current,2026-02-05
CUST04333,27,Male,Delhi,Self-Employed,Current,2022-01-06
CUST04334,27,Female,Ranchi,Salaried,Salary,2020-07-26
CUST04335,53,Female,Delhi,Other / Unspecified,Current,2022-07-31
CUST04336,25,Male,Bangalore,Student,Salary,2020-07-21
CUST04337,71,Female,Bangalore,Student,Savings,2022-12-11
CUST04338,69,Female,Ranchi,Business,Savings,2022-06-22
CUST04339,37,Female,Ahmedabad,Self-Employed,Current,2024-12-21
CUST04340,49,Female,Ahmedabad,Retired,Savings,2024-09-04
CUST04341,67,Male,Mumbai,Salaried,Savings,2024-10-05
CUST04342,31,Female,Bangalore,Salaried,Savings,2020-12-28
CUST04343,67,Male,Bangalore,Salaried,Savings,2022-09-20
CUST04344,45,Male,Delhi,Salaried,Savings,2024-09-06
CUST04345,63,Male,Hyderabad,Business,Savings,2024-06-01
CUST04346,69,Female,Chennai,Student,Savings,2021-11-28
CUST04347,70,Male,Delhi,Business,Salary,2025-12-26
CUST04348,41,Male,Ranchi,Self-Employed,Savings,2020-04-11
CUST04349,32,Male,Ranchi,Salaried,Savings,2025-09-27
CUST04350,39,Male,Bangalore,Salaried,Savings,2020-12-03
CUST04351,47,Male,Delhi,Salaried,Salary,2021-07-28
CUST04352,21,Female,Pune,Salaried,Savings,2021-07-15
CUST04353,30,Female,Patna,Salaried,Savings,2024-10-23
CUST04354,40,Male,Delhi,Business,Savings,2025-10-30
CUST04355,25,Male,Mumbai,Self-Employed,Current,2020-09-30
CUST04356,35,Male,Delhi,Business,Savings,2023-11-29
CUST04357,29,Female,Hyderabad,Salaried,Savings,2026-06-01
CUST04358,48,Female,Chennai,Self-Employed,Savings,2023-05-26
CUST04359,31,Male,Delhi,Salaried,Current,2025-02-22
CUST04360,51,Male,Mumbai,Salaried,Savings,2022-11-16
CUST04361,35,Male,Chennai,Salaried,Salary,2025-02-18
CUST04362,51,Male,Mumbai,Student,Savings,2020-01-16
CUST04363,28,Male,Bangalore,Student,Savings,2023-11-24
CUST04364,58,Male,Delhi,Freelancer,Salary,2022-06-21
CUST04365,29,Male,Hyderabad,Salaried,Savings,2020-10-28
CUST04366,66,Male,Bangalore,Self-Employed,Savings,2020-12-27
CUST04367,32,Female,Bangalore,Salaried,Savings,2020-05-28
CUST04368,48,Male,Mumbai,Other / Unspecified,Savings,2023-11-29
CUST04369,66,Male,Delhi,Business,Savings,2026-02-24
CUST04370,46,Female,Delhi,Self-Employed,Savings,2022-05-18
CUST04371,43,Male,Kolkata,Salaried,Savings,2022-09-28
CUST04372,35,Male,Pune,Freelancer,Savings,2020-02-04
CUST04373,49,Male,Delhi,Self-Employed,Current,2024-11-07
CUST04374,39,Male,Mumbai,Self-Employed,Savings,2025-07-29
CUST04375,55,Male,Bangalore,Salaried,Savings,2022-04-10
CUST04376,34,Female,Hyderabad,Salaried,Savings,2025-01-08
CUST04377,40,Female,Mumbai,Salaried,Savings,2025-08-25
CUST04378,41,Female,Hyderabad,Salaried,Savings,2023-04-03
CUST04379,67,Female,Chennai,Salaried,Savings,2021-07-25
CUST04380,25,Male,Mumbai,Student,Current,2021-01-22
CUST04381,58,Female,Pune,Self-Employed,Salary,2026-04-03
CUST04382,23,Female,Mumbai,Salaried,Savings,2021-05-26
CUST04383,22,Male,Hyderabad,Salaried,Savings,2023-06-17
CUST04384,61,Female,Hyderabad,Salaried,Current,2021-07-27
CUST04385,46,Male,Bangalore,Freelancer,Savings,2024-09-25
CUST04386,45,Male,Bangalore,Salaried,Salary,2022-08-11
CUST04387,28,Female,Mumbai,Retired,Salary,2025-04-27
CUST04388,18,Female,Bangalore,Salaried,Savings,2024-07-29
CUST04389,60,Male,Mumbai,Salaried,Current,2023-12-29
CUST04390,36,Female,Bangalore,Freelancer,Savings,2020-04-27
CUST04391,26,Male,Ranchi,Retired,Salary,2021-03-01
CUST04392,44,Male,Delhi,Student,Savings,2024-07-19
CUST04393,51,Male,Ranchi,Self-Employed,Savings,2025-06-12
CUST04394,61,Male,Bangalore,Retired,Salary,2024-10-15
CUST04395,21,Male,Bangalore,Retired,Current,2025-05-15
CUST04396,53,Male,Delhi,Self-Employed,Savings,2021-02-06
CUST04397,35,Male,Hyderabad,Freelancer,Savings,2025-09-16
CUST04398,32,Female,Kolkata,Salaried,Current,2025-07-21
CUST04399,68,Female,Ahmedabad,Freelancer,Current,2025-05-14
CUST04400,30,Male,Mumbai,Salaried,Current,2024-06-18
CUST04401,36,Male,Ranchi,Business,Savings,2021-05-28
CUST04402,66,Male,Delhi,Self-Employed,Savings,2025-12-14
CUST04403,23,Male,Mumbai,Other / Unspecified,Savings,2026-01-31
CUST04404,65,Male,Hyderabad,Salaried,Current,2022-06-06
CUST04405,29,Female,Mumbai,Salaried,Savings,2024-08-02
CUST04406,68,Other,Ranchi,Salaried,Salary,2022-08-25
CUST04407,54,Male,Kolkata,Salaried,Salary,2024-11-06
CUST04408,34,Female,Mumbai,Business,Salary,2026-02-09
CUST04409,40,Male,Hyderabad,Salaried,Salary,2025-11-24
CUST04410,43,Female,Patna,Student,Savings,2024-01-04
CUST04411,46,Female,Mumbai,Self-Employed,Savings,2020-04-10
CUST04412,50,Male,Ranchi,Self-Employed,Savings,2020-12-25
CUST04413,44,Female,Mumbai,Business,Savings,2024-06-12
CUST04414,42,Male,Mumbai,Freelancer,Savings,2021-10-23
CUST04415,27,Male,Hyderabad,Self-Employed,Salary,2025-02-26
CUST04416,64,Male,Pune,Salaried,Salary,2024-07-02
CUST04417,40,Female,Bangalore,Salaried,Salary,2021-12-05
CUST04418,38,Female,Mumbai,Self-Employed,Savings,2021-10-12
CUST04419,38,Female,Bangalore,Retired,Current,2022-01-23
CUST04420,60,Male,Bangalore,Salaried,Savings,2024-10-07
CUST04421,30,Female,Patna,Student,Savings,2024-11-05
CUST04422,54,Male,Delhi,Salaried,Savings,2024-11-16
CUST04423,50,Female,Bangalore,Business,Salary,2024-12-23
CUST04424,41,Male,Pune,Self-Employed,Salary,2025-10-09
CUST04425,61,Female,Pune,Self-Employed,Savings,2025-10-09
CUST04426,28,Male,Ranchi,Salaried,Savings,2020-02-15
CUST04427,34,Male,Pune,Self-Employed,Salary,2026-05-23
CUST04428,21,Female,Mumbai,Business,Savings,2022-03-08
CUST04429,64,Male,Hyderabad,Salaried,Current,2025-01-07
CUST04430,42,Other,Mumbai,Retired,Savings,2024-06-14
CUST04431,47,Male,Mumbai,Salaried,Savings,2020-12-16
CUST04432,26,Female,Delhi,Student,Savings,2024-06-06
CUST04433,38,Male,Hyderabad,Salaried,Savings,2023-08-23
CUST04434,37,Male,Bangalore,Salaried,Current,2021-11-23
CUST04435,36,Female,Ahmedabad,Freelancer,Salary,2022-02-06
CUST04436,36,Male,Mumbai,Salaried,Savings,2026-03-04
CUST04437,29,Female,Patna,Business,Salary,2026-01-11
CUST04438,54,Male,Delhi,Freelancer,Savings,2020-01-03
CUST04439,59,Male,Mumbai,Salaried,Savings,2025-03-14
CUST04440,34,Female,Mumbai,Salaried,Salary,2023-04-08
CUST04441,54,Male,Bangalore,Business,Savings,2022-09-17
CUST04442,71,Female,Delhi,Salaried,Savings,2023-07-26
CUST04443,65,Female,Kolkata,Salaried,Savings,2026-05-05
CUST04444,56,Male,Pune,Salaried,Savings,2026-01-02
CUST04445,45,Male,Ahmedabad,Retired,Savings,2021-03-10
CUST04446,58,Female,Pune,Salaried,Savings,2021-07-09
CUST04447,52,Male,Delhi,Freelancer,Savings,2023-08-17
CUST04448,64,Male,Pune,Self-Employed,Salary,2023-10-30
CUST04449,65,Male,Mumbai,Retired,Savings,2025-05-06
CUST04450,35,Male,Pune,Retired,Savings,2025-05-21
CUST04451,31,Female,Pune,Salaried,Savings,2025-03-19
CUST04452,52,Male,Ranchi,Retired,Current,2021-09-15
CUST04453,61,Male,Kolkata,Self-Employed,Salary,2024-11-11
CUST04454,58,Female,Ranchi,Salaried,Savings,2023-08-14
CUST04455,24,Male,Patna,Salaried,Savings,2025-07-24
CUST04456,58,Female,Hyderabad,Self-Employed,Savings,2024-04-06
CUST04457,30,Male,Hyderabad,Business,Savings,2023-04-28
CUST04458,35,Male,Delhi,Retired,Savings,2020-04-12
CUST04459,54,Male,Hyderabad,Salaried,Salary,2026-02-26
CUST04460,30,Male,Mumbai,Self-Employed,Current,2022-02-08
CUST04461,53,Female,Bangalore,Salaried,Salary,2026-03-31
CUST04462,48,Female,Mumbai,Salaried,Current,2024-02-21
CUST04463,19,Other,Bangalore,Business,Savings,2025-12-19
CUST04464,33,Female,Mumbai,Business,Savings,2020-04-10
CUST04465,26,Male,Kolkata,Retired,Savings,2023-07-22
CUST04466,26,Female,Mumbai,Self-Employed,Salary,2020-04-30
CUST04467,55,Female,Pune,Freelancer,Current,2020-10-23
CUST04468,28,Female,Ahmedabad,Business,Savings,2023-04-06
CUST04469,71,Male,Patna,Retired,Savings,2021-05-26
CUST04470,39,Male,Mumbai,Salaried,Current,2024-12-10
CUST04471,50,Other,Bangalore,Self-Employed,Salary,2021-03-23
CUST04472,53,Female,Ranchi,Salaried,Savings,2024-05-06
CUST04473,62,Female,Ranchi,Self-Employed,Salary,2023-09-12
CUST04474,40,Female,Ranchi,Salaried,Savings,2025-05-31
CUST04475,62,Male,Patna,Business,Savings,2026-03-08
CUST04476,62,Male,Mumbai,Retired,Savings,2022-02-10
CUST04477,51,Female,Kolkata,Business,Savings,2026-05-30
CUST04478,26,Male,Mumbai,Self-Employed,Savings,2020-10-13
CUST04479,41,Male,Delhi,Salaried,Savings,2021-07-23
CUST04480,25,Female,Delhi,Business,Savings,2023-12-14
CUST04481,24,Male,Pune,Freelancer,Savings,2024-06-11
CUST04482,53,Male,Mumbai,Self-Employed,Salary,2023-12-08
CUST04483,35,Male,Pune,Business,Savings,2021-01-15
CUST04484,20,Female,Ahmedabad,Salaried,Savings,2025-12-28
CUST04485,45,Male,Chennai,Student,Savings,2025-12-22
CUST04486,23,Male,Pune,Salaried,Salary,2024-12-12
CUST04487,61,Male,Delhi,Salaried,Savings,2020-11-24
CUST04488,61,Female,Hyderabad,Salaried,Salary,2021-04-12
CUST04489,38,Male,Patna,Student,Savings,2023-06-17
CUST04490,45,Female,Chennai,Salaried,Savings,2025-11-22
CUST04491,57,Female,Ranchi,Salaried,Savings,2024-10-21
CUST04492,71,Female,Mumbai,Salaried,Savings,2020-06-10
CUST04493,71,Male,Bangalore,Salaried,Current,2020-08-17
CUST04494,18,Male,Hyderabad,Self-Employed,Salary,2024-01-18
CUST04495,53,Male,Delhi,Salaried,Savings,2020-06-27
CUST04496,38,Male,Delhi,Business,Savings,2020-01-18
CUST04497,60,Male,Patna,Business,Savings,2022-01-22
CUST04498,52,Male,Mumbai,Salaried,Current,2022-12-08
CUST04499,30,Female,Patna,Business,Salary,2023-01-09
CUST04500,66,Male,Pune,Business,Savings,2022-01-11
CUST04501,71,Male,Hyderabad,Student,Current,2025-11-11
CUST04502,71,Male,Pune,Salaried,Salary,2025-01-05
CUST04503,27,Female,Ahmedabad,Business,Savings,2026-04-17
CUST04504,70,Female,Mumbai,Student,Savings,2025-07-05
CUST04505,61,Male,Mumbai,Salaried,Current,2023-12-02
CUST04506,64,Female,Patna,Salaried,Salary,2025-03-11
CUST04507,70,Female,Bangalore,Salaried,Savings,2020-07-22
CUST04508,27,Male,Bangalore,Salaried,Savings,2022-08-12
CUST04509,63,Male,Kolkata,Salaried,Savings,2020-03-09
CUST04510,30,Male,Ahmedabad,Student,Savings,2021-08-01
CUST04511,54,Male,Mumbai,Salaried,Savings,2022-03-14
CUST04512,55,Female,Hyderabad,Salaried,Savings,2020-03-14
CUST04513,41,Female,Delhi,Salaried,Savings,2021-05-20
CUST04514,19,Male,Delhi,Salaried,Savings,2021-02-20
CUST04515,39,Female,Delhi,Salaried,Savings,2021-09-06
CUST04516,34,Male,Patna,Salaried,Savings,2023-10-24
CUST04517,53,Male,Bangalore,Business,Savings,2020-02-24
CUST04518,31,Male,Pune,Salaried,Savings,2020-09-18
CUST04519,27,Female,Kolkata,Business,Current,2025-09-08
CUST04520,52,Male,Hyderabad,Business,Current,2024-05-22
CUST04521,42,Female,Delhi,Retired,Savings,2020-05-27
CUST04522,20,Male,Ranchi,Self-Employed,Salary,2025-07-13
CUST04523,64,Male,Ahmedabad,Retired,Savings,2023-02-01
CUST04524,55,Male,Ranchi,Self-Employed,Current,2021-12-01
CUST04525,34,Female,Ranchi,Freelancer,Salary,2026-05-30
CUST04526,29,Female,Delhi,Self-Employed,Savings,2020-04-04
CUST04527,71,Female,Hyderabad,Salaried,Savings,2024-07-02
CUST04528,69,Male,Delhi,Self-Employed,Savings,2023-11-12
CUST04529,41,Female,Patna,Student,Current,2021-09-03
CUST04530,46,Male,Delhi,Self-Employed,Savings,2022-01-12
CUST04531,60,Male,Bangalore,Business,Savings,2021-10-25
CUST04532,42,Female,Bangalore,Salaried,Savings,2022-07-19
CUST04533,53,Male,Pune,Salaried,Savings,2022-02-13
CUST04534,43,Female,Hyderabad,Salaried,Savings,2024-07-29
CUST04535,55,Male,Mumbai,Student,Current,2022-05-13
CUST04536,18,Male,Mumbai,Salaried,Savings,2021-05-02
CUST04537,37,Female,Delhi,Salaried,Salary,2026-04-16
CUST04538,45,Male,Bangalore,Self-Employed,Salary,2020-03-05
CUST04539,33,Female,Pune,Retired,Salary,2024-04-23
CUST04540,64,Male,Delhi,Business,Current,2021-11-19
CUST04541,34,Female,Mumbai,Student,Savings,2020-06-20
CUST04542,57,Female,Ahmedabad,Salaried,Current,2020-02-25
CUST04543,45,Male,Pune,Salaried,Salary,2025-08-03
CUST04544,29,Male,Bangalore,Business,Savings,2022-03-12
CUST04545,44,Female,Hyderabad,Self-Employed,Savings,2020-03-22
CUST04546,71,Female,Delhi,Salaried,Savings,2021-07-11
CUST04547,70,Male,Delhi,Self-Employed,Savings,2022-12-07
CUST04548,59,Male,Delhi,Business,Salary,2021-12-08
CUST04549,64,Male,Delhi,Salaried,Salary,2024-04-25
CUST04550,47,Male,Pune,Salaried,Savings,2024-09-30
CUST04551,58,Female,Kolkata,Business,Salary,2021-07-22
CUST04552,51,Female,Patna,Self-Employed,Savings,2022-11-29
CUST04553,54,Male,Pune,Student,Savings,2026-06-09
CUST04554,23,Female,Hyderabad,Self-Employed,Savings,2025-01-22
CUST04555,24,Male,Delhi,Salaried,Savings,2024-01-28
CUST04556,49,Male,Pune,Self-Employed,Savings,2022-09-06
CUST04557,49,Male,Delhi,Business,Current,2025-04-07
CUST04558,70,Male,Ranchi,Student,Savings,2023-03-26
CUST04559,42,Female,Kolkata,Salaried,Savings,2020-04-11
CUST04560,50,Male,Mumbai,Salaried,Current,2023-08-30
CUST04561,24,Female,Delhi,Student,Savings,2025-07-19
CUST04562,69,Male,Chennai,Business,Savings,2021-01-11
CUST04563,29,Male,Patna,Salaried,Savings,2023-02-08
CUST04564,33,Female,Mumbai,Salaried,Savings,2023-06-03
CUST04565,33,Male,Delhi,Student,Savings,2024-05-20
CUST04566,60,Male,Bangalore,Self-Employed,Savings,2024-02-14
CUST04567,70,Female,Bangalore,Salaried,Savings,2024-07-29
CUST04568,53,Female,Ranchi,Self-Employed,Savings,2025-07-24
CUST04569,30,Male,Delhi,Salaried,Salary,2022-11-13
CUST04570,24,Male,Patna,Self-Employed,Current,2020-07-22
CUST04571,53,Male,Kolkata,Salaried,Current,2024-04-07
CUST04572,64,Male,Hyderabad,Salaried,Savings,2026-02-01
CUST04573,68,Male,Mumbai,Self-Employed,Savings,2025-07-12
CUST04574,26,Other,Delhi,Student,Salary,2022-05-03
CUST04575,49,Male,Mumbai,Salaried,Savings,2024-01-22
CUST04576,28,Male,Bangalore,Self-Employed,Salary,2023-05-29
CUST04577,25,Male,Bangalore,Student,Savings,2022-11-02
CUST04578,50,Other,Bangalore,Salaried,Salary,2024-03-06
CUST04579,40,Male,Mumbai,Business,Current,2022-06-15
CUST04580,42,Male,Kolkata,Business,Savings,2022-11-07
CUST04581,25,Female,Kolkata,Salaried,Savings,2023-09-14
CUST04582,62,Male,Chennai,Salaried,Current,2020-09-25
CUST04583,39,Female,Delhi,Salaried,Savings,2023-02-23
CUST04584,21,Female,Ranchi,Salaried,Savings,2024-04-08
CUST04585,57,Female,Ranchi,Self-Employed,Savings,2024-10-23
CUST04586,20,Male,Delhi,Salaried,Salary,2026-02-26
CUST04587,46,Female,Ranchi,Business,Salary,2026-01-06
CUST04588,58,Female,Patna,Self-Employed,Savings,2024-09-11
CUST04589,46,Male,Delhi,Business,Savings,2023-12-20
CUST04590,51,Female,Bangalore,Freelancer,Salary,2025-10-06
CUST04591,51,Male,Kolkata,Salaried,Salary,2022-03-24
CUST04592,45,Male,Mumbai,Salaried,Savings,2023-01-01
CUST04593,30,Female,Patna,Other / Unspecified,Salary,2025-09-06
CUST04594,32,Other,Hyderabad,Salaried,Savings,2022-03-23
CUST04595,40,Female,Pune,Business,Savings,2023-04-30
CUST04596,61,Male,Delhi,Salaried,Savings,2026-04-19
CUST04597,43,Other,Delhi,Student,Salary,2022-07-25
CUST04598,21,Male,Hyderabad,Salaried,Current,2023-12-17
CUST04599,43,Male,Mumbai,Salaried,Savings,2026-02-18
CUST04600,57,Male,Delhi,Business,Savings,2024-10-23
CUST04601,26,Female,Bangalore,Student,Savings,2021-10-17
CUST04602,22,Male,Hyderabad,Self-Employed,Savings,2024-09-01
CUST04603,49,Female,Patna,Salaried,Salary,2025-07-18
CUST04604,37,Female,Bangalore,Salaried,Savings,2022-06-03
CUST04605,67,Male,Kolkata,Freelancer,Savings,2024-11-13
CUST04606,28,Female,Mumbai,Salaried,Savings,2024-05-23
CUST04607,32,Female,Delhi,Business,Savings,2023-05-12
CUST04608,49,Female,Pune,Self-Employed,Savings,2025-10-21
CUST04609,45,Male,Delhi,Salaried,Savings,2023-07-06
CUST04610,39,Male,Mumbai,Business,Savings,2022-09-11
CUST04611,58,Male,Ranchi,Business,Salary,2021-09-23
CUST04612,34,Male,Delhi,Self-Employed,Salary,2020-04-30
CUST04613,43,Male,Pune,Business,Savings,2025-03-02
CUST04614,61,Female,Patna,Freelancer,Savings,2025-04-20
CUST04615,24,Male,Ranchi,Salaried,Savings,2024-02-03
CUST04616,59,Female,Mumbai,Business,Current,2025-11-18
CUST04617,43,Male,Mumbai,Business,Savings,2025-04-13
CUST04618,42,Male,Delhi,Self-Employed,Savings,2020-01-19
CUST04619,27,Female,Delhi,Salaried,Savings,2025-09-11
CUST04620,62,Female,Ranchi,Salaried,Savings,2023-04-05
CUST04621,36,Female,Kolkata,Salaried,Current,2022-09-25
CUST04622,28,Female,Pune,Self-Employed,Savings,2021-10-13
CUST04623,30,Male,Bangalore,Salaried,Savings,2024-07-31
CUST04624,70,Female,Ahmedabad,Business,Current,2026-04-16
CUST04625,25,Female,Bangalore,Self-Employed,Savings,2022-06-13
CUST04626,57,Female,Mumbai,Salaried,Savings,2022-10-28
CUST04627,21,Female,Delhi,Self-Employed,Savings,2023-05-16
CUST04628,64,Female,Patna,Business,Savings,2022-09-25
CUST04629,48,Male,Hyderabad,Salaried,Salary,2024-10-29
CUST04630,45,Female,Bangalore,Student,Current,2023-10-13
CUST04631,28,Female,Ahmedabad,Salaried,Savings,2026-01-02
CUST04632,60,Male,Hyderabad,Other / Unspecified,Savings,2020-05-09
CUST04633,18,Male,Bangalore,Salaried,Salary,2023-12-29
CUST04634,66,Female,Delhi,Salaried,Current,2020-04-07
CUST04635,64,Male,Patna,Salaried,Savings,2023-06-05
CUST04636,69,Female,Patna,Salaried,Current,2023-07-31
CUST04637,55,Male,Delhi,Salaried,Savings,2020-09-01
CUST04638,41,Female,Hyderabad,Self-Employed,Savings,2024-01-19
CUST04639,71,Female,Mumbai,Salaried,Savings,2020-05-10
CUST04640,64,Male,Hyderabad,Salaried,Savings,2021-12-17
CUST04641,48,Female,Ahmedabad,Salaried,Savings,2025-12-19
CUST04642,58,Female,Delhi,Salaried,Savings,2023-01-07
CUST04643,63,Male,Mumbai,Salaried,Current,2024-06-30
CUST04644,67,Female,Mumbai,Salaried,Savings,2025-03-13
CUST04645,43,Male,Ranchi,Self-Employed,Savings,2021-11-07
CUST04646,66,Male,Mumbai,Self-Employed,Current,2020-02-03
CUST04647,67,Male,Kolkata,Salaried,Current,2020-07-28
CUST04648,22,Male,Pune,Self-Employed,Savings,2025-02-18
CUST04649,37,Male,Hyderabad,Salaried,Salary,2022-03-18
CUST04650,69,Male,Pune,Salaried,Salary,2023-02-22
CUST04651,58,Male,Pune,Salaried,Current,2021-12-06
CUST04652,28,Male,Bangalore,Salaried,Savings,2022-03-14
CUST04653,71,Female,Patna,Salaried,Savings,2026-05-12
CUST04654,50,Male,Kolkata,Business,Salary,2020-07-06
CUST04655,67,Male,Hyderabad,Salaried,Savings,2025-03-29
CUST04656,55,Female,Ranchi,Student,Salary,2025-01-04
CUST04657,44,Male,Ahmedabad,Business,Savings,2022-07-19
CUST04658,51,Male,Pune,Salaried,Salary,2025-06-30
CUST04659,32,Male,Kolkata,Salaried,Savings,2021-08-04
CUST04660,49,Male,Patna,Business,Salary,2023-07-13
CUST04661,38,Male,Bangalore,Self-Employed,Salary,2023-01-09
CUST04662,63,Male,Delhi,Salaried,Salary,2023-11-15
CUST04663,22,Female,Hyderabad,Salaried,Savings,2020-01-20
CUST04664,23,Male,Ahmedabad,Salaried,Savings,2022-09-16
CUST04665,55,Male,Mumbai,Student,Salary,2026-04-21
CUST04666,39,Male,Hyderabad,Self-Employed,Savings,2020-04-27
CUST04667,35,Male,Delhi,Self-Employed,Current,2020-09-16
CUST04668,31,Female,Chennai,Business,Savings,2024-09-23
CUST04669,27,Male,Bangalore,Salaried,Salary,2021-07-18
CUST04670,63,Male,Ahmedabad,Self-Employed,Savings,2023-10-04
CUST04671,30,Female,Pune,Self-Employed,Salary,2026-04-09
CUST04672,48,Male,Kolkata,Retired,Savings,2023-12-09
CUST04673,47,Female,Pune,Retired,Savings,2021-03-26
CUST04674,20,Male,Mumbai,Salaried,Savings,2023-12-22
CUST04675,47,Female,Chennai,Salaried,Current,2020-06-06
CUST04676,23,Female,Bangalore,Salaried,Savings,2021-06-27
CUST04677,46,Male,Delhi,Salaried,Savings,2020-01-20
CUST04678,25,Male,Kolkata,Salaried,Salary,2023-05-13
CUST04679,61,Female,Pune,Salaried,Savings,2023-11-07
CUST04680,62,Male,Mumbai,Student,Savings,2020-04-04
CUST04681,60,Female,Mumbai,Salaried,Current,2022-01-27
CUST04682,61,Male,Ahmedabad,Self-Employed,Salary,2026-04-22
CUST04683,50,Female,Delhi,Self-Employed,Savings,2021-01-20
CUST04684,34,Male,Ranchi,Salaried,Salary,2023-06-30
CUST04685,65,Male,Bangalore,Self-Employed,Savings,2022-05-09
CUST04686,28,Male,Mumbai,Salaried,Savings,2023-11-07
CUST04687,30,Female,Bangalore,Student,Current,2022-07-18
CUST04688,67,Male,Mumbai,Salaried,Savings,2020-09-22
CUST04689,28,Male,Mumbai,Retired,Savings,2021-07-24
CUST04690,48,Other,Ahmedabad,Self-Employed,Salary,2025-03-15
CUST04691,45,Female,Hyderabad,Retired,Savings,2022-12-20
CUST04692,61,Other,Delhi,Self-Employed,Salary,2022-08-10
CUST04693,23,Male,Ahmedabad,Salaried,Savings,2022-07-05
CUST04694,58,Male,Bangalore,Business,Savings,2025-07-06
CUST04695,33,Male,Kolkata,Self-Employed,Savings,2023-09-16
CUST04696,21,Female,Mumbai,Salaried,Salary,2022-02-09
CUST04697,52,Male,Delhi,Salaried,Savings,2020-11-18
CUST04698,65,Male,Ahmedabad,Salaried,Salary,2021-02-15
CUST04699,43,Female,Bangalore,Salaried,Savings,2021-04-02
CUST04700,29,Female,Kolkata,Business,Savings,2021-08-05
CUST04701,28,Male,Delhi,Self-Employed,Savings,2022-09-05
CUST04702,54,Male,Delhi,Salaried,Current,2023-12-15
CUST04703,42,Female,Hyderabad,Salaried,Current,2026-06-17
CUST04704,35,Female,Ranchi,Self-Employed,Savings,2020-04-29
CUST04705,36,Female,Ranchi,Business,Savings,2023-01-30
CUST04706,40,Female,Delhi,Business,Current,2021-11-14
CUST04707,55,Male,Bangalore,Salaried,Savings,2024-06-30
CUST04708,71,Female,Ranchi,Salaried,Current,2024-01-06
CUST04709,35,Male,Delhi,Salaried,Savings,2022-01-26
CUST04710,43,Male,Mumbai,Salaried,Savings,2025-03-02
CUST04711,23,Male,Kolkata,Business,Savings,2022-12-18
CUST04712,21,Male,Ranchi,Salaried,Salary,2021-09-02
CUST04713,61,Male,Delhi,Business,Current,2026-03-08
CUST04714,68,Male,Mumbai,Self-Employed,Salary,2024-11-13
CUST04715,46,Male,Delhi,Salaried,Current,2024-04-06
CUST04716,51,Male,Pune,Salaried,Savings,2022-01-20
CUST04717,34,Male,Kolkata,Business,Current,2023-11-09
CUST04718,60,Female,Hyderabad,Salaried,Savings,2021-03-30
CUST04719,60,Male,Delhi,Student,Savings,2020-07-28
CUST04720,70,Female,Patna,Student,Savings,2025-11-14
CUST04721,33,Male,Delhi,Salaried,Savings,2024-01-28
CUST04722,19,Female,Ahmedabad,Freelancer,Salary,2025-07-24
CUST04723,51,Female,Delhi,Salaried,Savings,2022-07-04
CUST04724,25,Male,Bangalore,Salaried,Salary,2025-12-04
CUST04725,30,Male,Patna,Business,Savings,2022-02-27
CUST04726,59,Male,Delhi,Business,Savings,2026-03-19
CUST04727,25,Female,Mumbai,Student,Savings,2023-12-04
CUST04728,47,Female,Mumbai,Salaried,Savings,2023-11-28
CUST04729,49,Male,Hyderabad,Salaried,Savings,2023-04-13
CUST04730,53,Female,Bangalore,Salaried,Savings,2023-11-02
CUST04731,64,Male,Mumbai,Business,Savings,2020-11-24
CUST04732,47,Male,Ahmedabad,Salaried,Savings,2022-11-29
CUST04733,18,Male,Patna,Business,Current,2024-11-01
CUST04734,60,Female,Delhi,Salaried,Savings,2020-06-16
CUST04735,56,Female,Delhi,Freelancer,Salary,2020-11-27
CUST04736,34,Female,Mumbai,Retired,Savings,2022-08-08
CUST04737,37,Male,Bangalore,Salaried,Current,2023-08-20
CUST04738,41,Female,Kolkata,Salaried,Salary,2021-01-19
CUST04739,67,Female,Mumbai,Salaried,Savings,2020-11-17
CUST04740,39,Male,Bangalore,Salaried,Savings,2025-05-06
CUST04741,46,Male,Kolkata,Salaried,Savings,2023-05-31
CUST04742,39,Female,Delhi,Salaried,Savings,2023-11-10
CUST04743,61,Male,Patna,Self-Employed,Current,2024-01-04
CUST04744,26,Male,Bangalore,Student,Current,2023-07-04
CUST04745,54,Female,Delhi,Self-Employed,Savings,2022-06-19
CUST04746,27,Male,Patna,Retired,Salary,2025-02-01
CUST04747,53,Male,Bangalore,Business,Savings,2020-05-08
CUST04748,54,Male,Bangalore,Business,Savings,2024-09-07
CUST04749,45,Male,Bangalore,Salaried,Current,2021-07-09
CUST04750,45,Female,Mumbai,Self-Employed,Savings,2025-04-25
CUST04751,59,Male,Pune,Self-Employed,Savings,2022-02-02
CUST04752,60,Male,Mumbai,Salaried,Salary,2026-02-05
CUST04753,38,Male,Patna,Freelancer,Savings,2021-03-16
CUST04754,41,Male,Mumbai,Salaried,Salary,2024-08-29
CUST04755,59,Male,Mumbai,Freelancer,Current,2025-02-09
CUST04756,57,Male,Chennai,Self-Employed,Salary,2022-03-29
CUST04757,19,Male,Kolkata,Student,Savings,2022-10-10
CUST04758,25,Male,Mumbai,Salaried,Salary,2024-12-16
CUST04759,65,Female,Mumbai,Business,Savings,2022-10-21
CUST04760,44,Male,Mumbai,Salaried,Savings,2024-04-27
CUST04761,39,Female,Mumbai,Business,Savings,2021-01-26
CUST04762,54,Male,Ranchi,Salaried,Savings,2021-07-29
CUST04763,44,Female,Bangalore,Student,Savings,2020-12-21
CUST04764,46,Female,Chennai,Salaried,Savings,2023-07-24
CUST04765,20,Female,Mumbai,Retired,Savings,2025-05-02
CUST04766,61,Female,Hyderabad,Salaried,Savings,2024-03-14
CUST04767,30,Female,Bangalore,Business,Salary,2024-09-29
CUST04768,62,Male,Delhi,Salaried,Salary,2021-11-14
CUST04769,27,Female,Delhi,Student,Savings,2024-10-08
CUST04770,53,Male,Bangalore,Salaried,Current,2022-11-20
CUST04771,26,Male,Patna,Salaried,Savings,2021-02-19
CUST04772,71,Female,Bangalore,Business,Current,2021-12-12
CUST04773,44,Female,Bangalore,Salaried,Current,2024-10-03
CUST04774,51,Male,Delhi,Salaried,Savings,2020-04-27
CUST04775,68,Male,Hyderabad,Salaried,Savings,2025-10-05
CUST04776,18,Female,Mumbai,Salaried,Salary,2022-11-20
CUST04777,49,Female,Mumbai,Salaried,Savings,2025-11-23
CUST04778,42,Female,Ranchi,Self-Employed,Savings,2021-04-30
CUST04779,46,Male,Hyderabad,Self-Employed,Current,2025-09-24
CUST04780,24,Male,Pune,Business,Current,2024-12-15
CUST04781,66,Male,Mumbai,Business,Savings,2024-05-25
CUST04782,20,Female,Ranchi,Self-Employed,Current,2021-10-16
CUST04783,37,Female,Ranchi,Self-Employed,Savings,2020-02-27
CUST04784,37,Male,Hyderabad,Salaried,Salary,2020-08-30
CUST04785,70,Male,Kolkata,Self-Employed,Salary,2024-10-02
CUST04786,47,Male,Mumbai,Other / Unspecified,Savings,2026-05-27
CUST04787,52,Male,Patna,Salaried,Salary,2022-08-16
CUST04788,52,Male,Delhi,Salaried,Savings,2020-12-09
CUST04789,66,Female,Mumbai,Salaried,Savings,2024-11-02
CUST04790,56,Female,Mumbai,Salaried,Salary,2022-09-12
CUST04791,44,Male,Ranchi,Salaried,Savings,2020-03-23
CUST04792,43,Female,Hyderabad,Retired,Current,2022-08-20
CUST04793,31,Male,Kolkata,Student,Savings,2023-10-08
CUST04794,34,Male,Hyderabad,Business,Salary,2020-10-29
CUST04795,35,Other,Ranchi,Freelancer,Savings,2024-11-20
CUST04796,62,Female,Delhi,Retired,Current,2025-07-16
CUST04797,69,Male,Patna,Self-Employed,Savings,2020-08-30
CUST04798,46,Female,Hyderabad,Self-Employed,Salary,2023-06-26
CUST04799,37,Female,Bangalore,Business,Current,2023-10-06
CUST04800,70,Male,Delhi,Salaried,Savings,2020-05-13
CUST04801,44,Female,Kolkata,Salaried,Savings,2023-09-13
CUST04802,35,Female,Pune,Self-Employed,Current,2026-01-20
CUST04803,21,Male,Delhi,Self-Employed,Savings,2021-08-08
CUST04804,18,Male,Mumbai,Salaried,Salary,2021-05-27
CUST04805,67,Female,Ahmedabad,Self-Employed,Salary,2024-09-11
CUST04806,18,Female,Ranchi,Student,Savings,2024-12-10
CUST04807,43,Female,Mumbai,Retired,Current,2022-07-21
CUST04808,62,Female,Kolkata,Salaried,Salary,2021-02-13
CUST04809,37,Male,Patna,Salaried,Savings,2021-12-10
CUST04810,69,Male,Ranchi,Student,Savings,2022-05-31
CUST04811,40,Male,Bangalore,Freelancer,Current,2023-02-22
CUST04812,27,Female,Patna,Salaried,Salary,2022-07-27
CUST04813,28,Female,Patna,Salaried,Salary,2025-12-15
CUST04814,58,Female,Delhi,Business,Salary,2026-03-27
CUST04815,58,Male,Mumbai,Salaried,Savings,2025-12-13
CUST04816,22,Female,Hyderabad,Salaried,Savings,2020-06-06
CUST04817,18,Male,Mumbai,Self-Employed,Salary,2023-06-17
CUST04818,34,Male,Ranchi,Retired,Savings,2025-08-18
CUST04819,39,Female,Patna,Salaried,Savings,2023-11-10
CUST04820,51,Female,Mumbai,Salaried,Salary,2021-01-05
CUST04821,62,Male,Ahmedabad,Self-Employed,Salary,2023-04-10
CUST04822,58,Female,Hyderabad,Business,Savings,2021-09-15
CUST04823,46,Male,Pune,Salaried,Current,2020-08-22
CUST04824,21,Male,Bangalore,Salaried,Salary,2021-08-17
CUST04825,22,Female,Hyderabad,Freelancer,Savings,2024-02-21
CUST04826,28,Male,Kolkata,Salaried,Salary,2022-09-19
CUST04827,68,Female,Pune,Business,Current,2024-06-29
CUST04828,38,Male,Bangalore,Salaried,Current,2023-05-04
CUST04829,52,Male,Mumbai,Salaried,Savings,2024-02-09
CUST04830,29,Female,Bangalore,Self-Employed,Salary,2020-07-08
CUST04831,43,Female,Delhi,Salaried,Savings,2021-08-15
CUST04832,68,Male,Hyderabad,Salaried,Savings,2026-03-14
CUST04833,36,Female,Kolkata,Business,Salary,2021-12-20
CUST04834,62,Male,Delhi,Salaried,Savings,2022-08-30
CUST04835,24,Male,Hyderabad,Salaried,Savings,2021-03-14
CUST04836,64,Male,Bangalore,Salaried,Savings,2022-10-05
CUST04837,24,Male,Mumbai,Salaried,Salary,2022-11-11
CUST04838,43,Female,Delhi,Salaried,Current,2021-06-26
CUST04839,57,Male,Kolkata,Self-Employed,Savings,2025-04-14
CUST04840,22,Male,Chennai,Business,Salary,2024-01-21
CUST04841,38,Male,Bangalore,Salaried,Salary,2024-02-28
CUST04842,31,Female,Kolkata,Self-Employed,Savings,2024-12-13
CUST04843,21,Other,Mumbai,Salaried,Savings,2024-03-30
CUST04844,40,Female,Kolkata,Salaried,Savings,2025-03-26
CUST04845,59,Male,Patna,Self-Employed,Savings,2022-01-26
CUST04846,37,Female,Mumbai,Student,Savings,2020-09-18
CUST04847,32,Other,Mumbai,Self-Employed,Savings,2021-03-27
CUST04848,67,Female,Ranchi,Business,Savings,2023-09-18
CUST04849,69,Male,Mumbai,Salaried,Salary,2023-04-14
CUST04850,62,Male,Bangalore,Salaried,Savings,2020-04-09
CUST04851,46,Male,Ranchi,Business,Savings,2023-03-14
CUST04852,25,Male,Delhi,Retired,Savings,2022-11-25
CUST04853,58,Male,Kolkata,Self-Employed,Current,2022-03-05
CUST04854,65,Male,Pune,Other / Unspecified,Savings,2020-12-14
CUST04855,36,Female,Bangalore,Salaried,Current,2025-11-05
CUST04856,65,Male,Ranchi,Self-Employed,Salary,2022-04-11
CUST04857,56,Male,Pune,Salaried,Salary,2023-05-10
CUST04858,63,Female,Ahmedabad,Salaried,Savings,2022-10-15
CUST04859,45,Female,Mumbai,Salaried,Savings,2024-11-20
CUST04860,63,Female,Hyderabad,Retired,Savings,2024-03-05
CUST04861,44,Male,Delhi,Business,Savings,2022-07-10
CUST04862,21,Female,Ahmedabad,Student,Salary,2020-12-12
CUST04863,32,Female,Mumbai,Salaried,Salary,2020-06-05
CUST04864,52,Male,Pune,Self-Employed,Savings,2021-10-04
CUST04865,54,Male,Bangalore,Salaried,Savings,2025-06-04
CUST04866,18,Female,Mumbai,Business,Savings,2025-06-04
CUST04867,20,Male,Kolkata,Student,Salary,2021-05-01
CUST04868,64,Other,Mumbai,Self-Employed,Savings,2021-03-15
CUST04869,41,Male,Ranchi,Business,Salary,2023-08-06
CUST04870,44,Male,Kolkata,Salaried,Savings,2020-03-05
CUST04871,57,Female,Mumbai,Self-Employed,Savings,2024-07-29
CUST04872,53,Female,Kolkata,Salaried,Salary,2021-08-25
CUST04873,51,Male,Mumbai,Salaried,Savings,2021-04-14
CUST04874,46,Female,Kolkata,Business,Savings,2025-03-30
CUST04875,41,Male,Hyderabad,Salaried,Savings,2021-06-02
CUST04876,41,Male,Delhi,Business,Current,2024-05-15
CUST04877,59,Male,Hyderabad,Salaried,Salary,2023-10-23
CUST04878,21,Male,Delhi,Salaried,Savings,2020-09-20
CUST04879,20,Female,Mumbai,Business,Savings,2025-01-25
CUST04880,51,Male,Pune,Salaried,Savings,2022-05-25
CUST04881,66,Male,Kolkata,Salaried,Savings,2021-10-24
CUST04882,40,Female,Mumbai,Salaried,Savings,2025-09-16
CUST04883,70,Male,Mumbai,Freelancer,Salary,2021-04-01
CUST04884,69,Male,Kolkata,Self-Employed,Savings,2024-10-16
CUST04885,40,Male,Bangalore,Salaried,Savings,2021-08-01
CUST04886,62,Female,Chennai,Salaried,Current,2020-12-07
CUST04887,22,Male,Hyderabad,Retired,Savings,2020-08-07
CUST04888,48,Female,Bangalore,Salaried,Savings,2025-08-24
CUST04889,70,Male,Patna,Student,Savings,2025-06-26
CUST04890,58,Female,Mumbai,Salaried,Savings,2022-07-25
CUST04891,71,Female,Chennai,Salaried,Salary,2021-09-29
CUST04892,23,Female,Mumbai,Self-Employed,Savings,2021-10-03
CUST04893,54,Male,Bangalore,Salaried,Current,2021-02-05
CUST04894,27,Male,Mumbai,Business,Salary,2026-03-02
CUST04895,57,Male,Ranchi,Salaried,Savings,2022-10-05
CUST04896,24,Male,Pune,Salaried,Savings,2024-06-14
CUST04897,56,Female,Delhi,Salaried,Savings,2026-05-12
CUST04898,55,Female,Patna,Retired,Savings,2020-11-05
CUST04899,38,Male,Patna,Salaried,Current,2023-08-12
CUST04900,37,Male,Chennai,Student,Savings,2024-12-18
CUST04901,20,Male,Mumbai,Self-Employed,Current,2022-06-11
CUST04902,68,Female,Hyderabad,Salaried,Salary,2025-03-01
CUST04903,39,Female,Ahmedabad,Self-Employed,Current,2024-11-17
CUST04904,64,Female,Hyderabad,Self-Employed,Savings,2025-06-05
CUST04905,21,Female,Hyderabad,Student,Savings,2021-04-11
CUST04906,45,Male,Delhi,Salaried,Savings,2020-04-20
CUST04907,29,Male,Pune,Self-Employed,Savings,2024-01-10
CUST04908,55,Male,Delhi,Retired,Savings,2021-07-14
CUST04909,68,Male,Pune,Self-Employed,Savings,2026-05-02
CUST04910,53,Male,Hyderabad,Freelancer,Savings,2025-10-05
CUST04911,64,Male,Mumbai,Student,Salary,2025-01-22
CUST04912,58,Female,Ranchi,Salaried,Savings,2025-06-19
CUST04913,22,Male,Bangalore,Freelancer,Savings,2020-01-05
CUST04914,30,Female,Patna,Salaried,Salary,2024-12-15
CUST04915,40,Male,Pune,Salaried,Current,2023-04-11
CUST04916,67,Male,Ranchi,Other / Unspecified,Savings,2023-11-19
CUST04917,47,Female,Hyderabad,Business,Salary,2020-11-27
CUST04918,54,Female,Bangalore,Other / Unspecified,Current,2024-03-08
CUST04919,42,Female,Pune,Business,Savings,2022-03-15
CUST04920,65,Female,Chennai,Salaried,Current,2020-08-19
CUST04921,44,Male,Mumbai,Salaried,Savings,2022-11-07
CUST04922,68,Female,Kolkata,Student,Savings,2023-01-27
CUST04923,31,Male,Mumbai,Retired,Savings,2023-07-25
CUST04924,65,Female,Ahmedabad,Business,Savings,2020-07-28
CUST04925,64,Male,Bangalore,Self-Employed,Savings,2020-02-12
CUST04926,71,Male,Delhi,Salaried,Savings,2021-12-28
CUST04927,53,Female,Delhi,Salaried,Savings,2020-01-25
CUST04928,56,Male,Mumbai,Self-Employed,Salary,2021-06-20
CUST04929,33,Female,Delhi,Self-Employed,Salary,2024-03-25
CUST04930,39,Male,Delhi,Salaried,Savings,2025-11-02
CUST04931,38,Male,Delhi,Salaried,Savings,2022-09-26
CUST04932,71,Male,Hyderabad,Salaried,Savings,2026-04-14
CUST04933,38,Female,Hyderabad,Business,Savings,2025-07-17
CUST04934,25,Male,Delhi,Salaried,Savings,2026-03-23
CUST04935,66,Male,Bangalore,Student,Savings,2020-05-20
CUST04936,33,Female,Bangalore,Self-Employed,Savings,2022-05-22
CUST04937,48,Male,Kolkata,Freelancer,Current,2023-06-22
CUST04938,59,Male,Delhi,Self-Employed,Savings,2023-11-19
CUST04939,27,Female,Hyderabad,Salaried,Savings,2020-08-14
CUST04940,49,Male,Pune,Salaried,Salary,2021-11-27
CUST04941,51,Female,Mumbai,Self-Employed,Salary,2023-07-19
CUST04942,26,Male,Mumbai,Retired,Savings,2025-08-22
CUST04943,34,Male,Bangalore,Business,Savings,2024-06-25
CUST04944,28,Male,Ranchi,Self-Employed,Savings,2025-01-27
CUST04945,49,Female,Delhi,Salaried,Savings,2024-06-12
CUST04946,27,Male,Hyderabad,Student,Savings,2020-07-12
CUST04947,39,Male,Pune,Salaried,Savings,2022-08-31
CUST04948,34,Female,Kolkata,Self-Employed,Savings,2020-07-13
CUST04949,21,Female,Bangalore,Self-Employed,Current,2023-01-19
CUST04950,65,Female,Hyderabad,Retired,Savings,2020-02-04
CUST04951,69,Male,Bangalore,Salaried,Savings,2022-04-22
CUST04952,64,Male,Mumbai,Self-Employed,Savings,2023-01-23
CUST04953,42,Female,Mumbai,Student,Savings,2024-07-29
CUST04954,38,Male,Bangalore,Student,Salary,2025-02-24
CUST04955,54,Female,Bangalore,Business,Savings,2023-11-26
CUST04956,55,Female,Patna,Student,Savings,2023-05-03
CUST04957,66,Female,Ranchi,Self-Employed,Current,2020-10-08
CUST04958,18,Male,Mumbai,Business,Salary,2026-01-06
CUST04959,42,Female,Mumbai,Business,Savings,2021-08-21
CUST04960,68,Male,Ranchi,Business,Savings,2022-09-10
CUST04961,53,Male,Ranchi,Other / Unspecified,Savings,2024-10-02
CUST04962,34,Male,Hyderabad,Student,Savings,2026-01-27
CUST04963,58,Female,Delhi,Salaried,Savings,2025-08-30
CUST04964,41,Female,Patna,Self-Employed,Savings,2021-01-29
CUST04965,19,Female,Delhi,Salaried,Current,2020-07-01
CUST04966,57,Female,Bangalore,Business,Salary,2020-11-05
CUST04967,32,Female,Mumbai,Self-Employed,Savings,2022-09-24
CUST04968,49,Male,Delhi,Self-Employed,Savings,2026-02-28
CUST04969,56,Male,Chennai,Self-Employed,Current,2021-06-25
CUST04970,23,Female,Chennai,Other / Unspecified,Savings,2025-01-02
CUST04971,18,Female,Delhi,Self-Employed,Savings,2021-12-07
CUST04972,64,Male,Kolkata,Salaried,Salary,2020-10-20
CUST04973,40,Male,Ranchi,Business,Savings,2020-07-17
CUST04974,56,Male,Pune,Retired,Savings,2023-07-08
CUST04975,34,Male,Ahmedabad,Self-Employed,Current,2021-02-14
CUST04976,51,Male,Ranchi,Business,Savings,2022-09-25
CUST04977,58,Male,Bangalore,Student,Current,2022-09-28
CUST04978,46,Female,Pune,Freelancer,Current,2023-02-24
CUST04979,26,Male,Chennai,Retired,Current,2024-03-17
CUST04980,30,Male,Bangalore,Salaried,Savings,2020-09-03
CUST04981,23,Female,Mumbai,Student,Savings,2021-02-15
CUST04982,23,Male,Ranchi,Student,Savings,2026-02-12
CUST04983,37,Male,Kolkata,Salaried,Savings,2023-06-25
CUST04984,69,Male,Patna,Business,Salary,2021-10-16
CUST04985,70,Female,Mumbai,Business,Current,2021-09-01
CUST04986,20,Female,Pune,Salaried,Savings,2020-01-12
CUST04987,34,Male,Delhi,Self-Employed,Savings,2021-02-07
CUST04988,66,Female,Ranchi,Freelancer,Current,2022-08-20
CUST04989,29,Female,Mumbai,Salaried,Salary,2026-01-02
CUST04990,65,Other,Delhi,Self-Employed,Savings,2026-02-18
CUST04991,64,Male,Mumbai,Salaried,Salary,2021-11-23
CUST04992,62,Female,Hyderabad,Self-Employed,Savings,2024-01-21
CUST04993,18,Female,Patna,Salaried,Savings,2022-08-24
CUST04994,34,Other,Bangalore,Self-Employed,Savings,2021-12-12
CUST04995,20,Male,Hyderabad,Self-Employed,Savings,2020-05-09
CUST04996,43,Female,Chennai,Salaried,Current,2026-03-03
CUST04997,32,Male,Kolkata,Retired,Savings,2022-03-17
CUST04998,53,Male,Pune,Self-Employed,Savings,2020-11-10
CUST04999,49,Other,Delhi,Salaried,Current,2024-05-03
CUST05000,49,Male,Ranchi,Salaried,Savings,2025-11-12
